shapes_set,shape_id,target_set,closest_shape_id,edit_distance,readable_shape,step,classification,majority_vote,nca_seed
3,0,1,0,0,1111-1111-1001,40,0;0;0-3;0;0-0;1;0-1;1;0-2;1;0-3;1;0-0;2;0-1;2;0-2;2;0-3;2;0,0,0
3,0,1,0,0,1111-1111-1001,40,0;0;0-3;0;0-0;1;0-1;1;0-2;1;0-3;1;0-0;2;0-1;2;0-2;2;0-3;2;0,0,1
3,0,1,0,0,1111-1111-1001,40,0;0;0-3;0;0-0;1;0-1;1;0-2;1;0-3;1;0-0;2;0-1;2;0-2;2;0-3;2;0,0,2
3,0,1,0,0,1111-1111-1001,40,0;0;0-3;0;0-0;1;0-1;1;0-2;1;0-3;1;0-0;2;0-1;2;0-2;2;0-3;2;0,0,3
3,0,1,0,0,1111-1111-1001,40,0;0;0-3;0;0-0;1;0-1;1;0-2;1;0-3;1;0-0;2;0-1;2;0-2;2;0-3;2;0,0,4
3,1,1,0,1,0111-1111-1001,40,0;0;2-3;0;0-0;1;2-1;1;0-2;1;0-3;1;0-1;2;1-2;2;0-3;2;0,0,0
3,1,1,0,1,0111-1111-1001,40,0;0;2-3;0;0-0;1;2-1;1;0-2;1;0-3;1;0-1;2;0-2;2;0-3;2;0,0,1
3,1,1,0,1,0111-1111-1001,40,0;0;2-3;0;0-0;1;2-1;1;0-2;1;0-3;1;0-1;2;0-2;2;0-3;2;0,0,2
3,1,1,0,1,0111-1111-1001,40,0;0;2-3;0;0-0;1;2-1;1;0-2;1;0-3;1;0-1;2;0-2;2;0-3;2;0,0,3
3,1,1,0,1,0111-1111-1001,40,0;0;2-3;0;0-0;1;2-1;1;0-2;1;0-3;1;0-1;2;0-2;2;0-3;2;0,0,4
3,2,1,0,1,1110-1111-1001,40,0;0;0-3;0;2-0;1;0-1;1;0-2;1;0-3;1;2-0;2;0-1;2;0-2;2;0,0,0
3,2,1,0,1,1110-1111-1001,40,0;0;0-3;0;2-0;1;0-1;1;0-2;1;0-3;1;2-0;2;0-1;2;0-2;2;0,0,1
3,2,1,0,1,1110-1111-1001,40,0;0;0-3;0;2-0;1;0-1;1;0-2;1;0-3;1;2-0;2;0-1;2;0-2;2;0,0,2
3,2,1,0,1,1110-1111-1001,40,0;0;0-3;0;2-0;1;0-1;1;0-2;1;0-3;1;0-0;2;0-1;2;0-2;2;0,0,3
3,2,1,0,1,1110-1111-1001,40,0;0;0-3;0;2-0;1;0-1;1;0-2;1;0-3;1;2-0;2;0-1;2;0-2;2;0,0,4
3,3,1,0,1,1111-1111-0001,40,3;0;0-0;1;1-1;1;1-2;1;0-3;1;0-0;2;1-1;2;1-2;2;0-3;2;0,0,0
3,3,1,0,1,1111-1111-0001,40,3;0;0-0;1;0-1;1;0-2;1;0-3;1;0-0;2;0-1;2;0-2;2;0-3;2;0,0,1
3,3,1,0,1,1111-1111-0001,40,3;0;0-0;1;1-1;1;1-2;1;0-3;1;0-0;2;1-1;2;0-2;2;0-3;2;0,0,2
3,3,1,0,1,1111-1111-0001,40,3;0;0-0;1;0-1;1;0-2;1;0-3;1;0-0;2;0-1;2;0-2;2;0-3;2;0,0,3
3,3,1,0,1,1111-1111-0001,40,3;0;0-0;1;1-1;1;1-2;1;0-3;1;0-0;2;1-1;2;1-2;2;1-3;2;0,1,4
3,4,1,0,1,1111-1111-1000,40,0;0;0-0;1;0-1;1;0-2;1;0-3;1;0-0;2;0-1;2;0-2;2;0-3;2;0,0,0
3,4,1,0,1,1111-1111-1000,40,0;0;0-0;1;0-1;1;0-2;1;1-3;1;1-0;2;0-1;2;1-2;2;1-3;2;1,1,1
3,4,1,0,1,1111-1111-1000,40,0;0;0-0;1;0-1;1;0-2;1;1-3;1;1-0;2;0-1;2;0-2;2;0-3;2;1,0,2
3,4,1,0,1,1111-1111-1000,40,0;0;0-0;1;0-1;1;0-2;1;0-3;1;0-0;2;0-1;2;0-2;2;0-3;2;0,0,3
3,4,1,0,1,1111-1111-1000,40,0;0;0-0;1;0-1;1;0-2;1;1-3;1;1-0;2;0-1;2;0-2;2;1-3;2;1,0,4
3,5,1,1,0,11111-11111,40,0;0;1-1;0;1-2;0;1-3;0;1-4;0;1-0;1;1-1;1;1-2;1;1-3;1;1-4;1;1,1,0
3,5,1,1,0,11111-11111,40,0;0;1-1;0;1-2;0;1-3;0;1-4;0;1-0;1;1-1;1;1-2;1;1-3;1;1-4;1;1,1,1
3,5,1,1,0,11111-11111,40,0;0;1-1;0;1-2;0;1-3;0;1-4;0;1-0;1;1-1;1;1-2;1;1-3;1;1-4;1;1,1,2
3,5,1,1,0,11111-11111,40,0;0;1-1;0;1-2;0;1-3;0;1-4;0;1-0;1;1-1;1;1-2;1;1-3;1;1-4;1;1,1,3
3,5,1,1,0,11111-11111,40,0;0;1-1;0;1-2;0;1-3;0;1-4;0;1-0;1;1-1;1;1-2;1;1-3;1;1-4;1;1,1,4
3,6,1,1,1,01111-11111,40,0;0;1-1;0;1-2;0;1-3;0;1-4;0;1-1;1;1-2;1;1-3;1;1-4;1;1,1,0
3,6,1,1,1,01111-11111,40,0;0;2-1;0;1-2;0;1-3;0;1-4;0;1-1;1;1-2;1;1-3;1;1-4;1;1,1,1
3,6,1,1,1,01111-11111,40,0;0;2-1;0;1-2;0;1-3;0;1-4;0;1-1;1;1-2;1;1-3;1;1-4;1;1,1,2
3,6,1,1,1,01111-11111,40,0;0;2-1;0;1-2;0;1-3;0;1-4;0;1-1;1;1-2;1;1-3;1;1-4;1;1,1,3
3,6,1,1,1,01111-11111,40,0;0;1-1;0;1-2;0;1-3;0;1-4;0;1-1;1;1-2;1;1-3;1;1-4;1;1,1,4
3,7,1,1,1,11110-11111,40,0;0;1-1;0;1-2;0;1-3;0;1-4;0;1-0;1;1-1;1;1-2;1;1-3;1;1,1,0
3,7,1,1,1,11110-11111,40,0;0;1-1;0;1-2;0;1-3;0;1-4;0;2-0;1;1-1;1;1-2;1;1-3;1;1,1,1
3,7,1,1,1,11110-11111,40,0;0;1-1;0;1-2;0;1-3;0;1-4;0;1-0;1;1-1;1;1-2;1;1-3;1;1,1,2
3,7,1,1,1,11110-11111,40,0;0;1-1;0;1-2;0;1-3;0;1-4;0;2-0;1;1-1;1;1-2;1;1-3;1;1,1,3
3,7,1,1,1,11110-11111,40,0;0;1-1;0;1-2;0;1-3;0;1-4;0;1-0;1;1-1;1;1-2;1;1-3;1;1,1,4
3,8,1,1,1,11111-01111,40,1;0;1-2;0;1-3;0;1-4;0;1-0;1;2-1;1;1-2;1;1-3;1;1-4;1;1,1,0
3,8,1,1,1,11111-01111,40,1;0;1-2;0;1-3;0;1-4;0;1-0;1;2-1;1;1-2;1;1-3;1;1-4;1;1,1,1
3,8,1,1,1,11111-01111,40,1;0;1-2;0;1-3;0;1-4;0;1-0;1;2-1;1;1-2;1;1-3;1;1-4;1;1,1,2
3,8,1,1,1,11111-01111,40,1;0;1-2;0;1-3;0;1-4;0;1-0;1;2-1;1;1-2;1;1-3;1;1-4;1;1,1,3
3,8,1,1,1,11111-01111,40,1;0;1-2;0;1-3;0;1-4;0;1-0;1;1-1;1;1-2;1;1-3;1;1-4;1;1,1,4
3,9,1,1,1,11111-11110,40,0;0;1-1;0;1-2;0;1-3;0;1-0;1;1-1;1;1-2;1;1-3;1;1-4;1;2,1,0
3,9,1,1,1,11111-11110,40,0;0;1-1;0;1-2;0;1-3;0;1-0;1;1-1;1;1-2;1;1-3;1;1-4;1;2,1,1
3,9,1,1,1,11111-11110,40,0;0;1-1;0;1-2;0;1-3;0;1-0;1;1-1;1;1-2;1;1-3;1;1-4;1;2,1,2
3,9,1,1,1,11111-11110,40,0;0;1-1;0;1-2;0;1-3;0;1-0;1;1-1;1;1-2;1;1-3;1;1-4;1;2,1,3
3,9,1,1,1,11111-11110,40,0;0;1-1;0;1-2;0;1-3;0;1-0;1;1-1;1;1-2;1;1-3;1;1-4;1;1,1,4
3,10,1,2,0,1111111-1010101,40,0;0;2-2;0;2-4;0;2-6;0;2-0;1;2-1;1;2-2;1;2-3;1;2-4;1;2-5;1;2-6;1;2,2,0
3,10,1,2,0,1111111-1010101,40,0;0;2-2;0;2-4;0;2-6;0;2-0;1;2-1;1;2-2;1;2-3;1;2-4;1;2-5;1;2-6;1;2,2,1
3,10,1,2,0,1111111-1010101,40,0;0;2-2;0;2-4;0;2-6;0;2-0;1;2-1;1;2-2;1;2-3;1;2-4;1;2-5;1;2-6;1;2,2,2
3,10,1,2,0,1111111-1010101,40,0;0;2-2;0;2-4;0;2-6;0;2-0;1;2-1;1;2-2;1;2-3;1;2-4;1;2-5;1;2-6;1;2,2,3
3,10,1,2,0,1111111-1010101,40,0;0;2-2;0;2-4;0;2-6;0;2-0;1;2-1;1;2-2;1;2-3;1;2-4;1;2-5;1;2-6;1;2,2,4
3,11,1,2,1,1111111-0010101,40,2;0;2-4;0;2-6;0;2-0;1;2-1;1;2-2;1;2-3;1;2-4;1;2-5;1;2-6;1;2,2,0
3,11,1,2,1,1111111-0010101,40,2;0;2-4;0;2-6;0;2-0;1;2-1;1;2-2;1;2-3;1;2-4;1;2-5;1;2-6;1;2,2,1
3,11,1,2,1,1111111-0010101,40,2;0;2-4;0;2-6;0;2-0;1;2-1;1;2-2;1;2-3;1;2-4;1;2-5;1;2-6;1;2,2,2
3,11,1,2,1,1111111-0010101,40,2;0;2-4;0;2-6;0;2-0;1;2-1;1;2-2;1;2-3;1;2-4;1;2-5;1;2-6;1;2,2,3
3,11,1,2,1,1111111-0010101,40,2;0;2-4;0;2-6;0;2-0;1;2-1;1;2-2;1;2-3;1;2-4;1;2-5;1;2-6;1;2,2,4
3,12,1,2,1,1111111-1010100,40,0;0;2-2;0;2-4;0;2-0;1;2-1;1;2-2;1;2-3;1;2-4;1;2-5;1;2-6;1;2,2,0
3,12,1,2,1,1111111-1010100,40,0;0;2-2;0;2-4;0;2-0;1;2-1;1;2-2;1;2-3;1;2-4;1;2-5;1;2-6;1;2,2,1
3,12,1,2,1,1111111-1010100,40,0;0;2-2;0;2-4;0;2-0;1;2-1;1;2-2;1;2-3;1;2-4;1;2-5;1;2-6;1;2,2,2
3,12,1,2,1,1111111-1010100,40,0;0;2-2;0;2-4;0;2-0;1;2-1;1;2-2;1;2-3;1;2-4;1;2-5;1;2-6;1;2,2,3
3,12,1,2,1,1111111-1010100,40,0;0;2-2;0;2-4;0;2-0;1;2-1;1;2-2;1;2-3;1;2-4;1;2-5;1;2-6;1;2,2,4
3,13,1,2,1,1111111-1000101,40,0;0;2-4;0;2-6;0;2-0;1;2-1;1;2-2;1;2-3;1;2-4;1;2-5;1;2-6;1;2,2,0
3,13,1,2,1,1111111-1000101,40,0;0;2-4;0;2-6;0;2-0;1;2-1;1;2-2;1;2-3;1;2-4;1;2-5;1;2-6;1;2,2,1
3,13,1,2,1,1111111-1000101,40,0;0;2-4;0;2-6;0;2-0;1;2-1;1;2-2;1;2-3;1;2-4;1;2-5;1;2-6;1;2,2,2
3,13,1,2,1,1111111-1000101,40,0;0;2-4;0;2-6;0;2-0;1;2-1;1;2-2;1;2-3;1;2-4;1;2-5;1;2-6;1;2,2,3
3,13,1,2,1,1111111-1000101,40,0;0;2-4;0;2-6;0;2-0;1;2-1;1;2-2;1;2-3;1;2-4;1;2-5;1;2-6;1;2,2,4
3,14,1,2,1,1111111-1010001,40,0;0;2-2;0;2-6;0;2-0;1;2-1;1;2-2;1;2-3;1;2-4;1;2-5;1;2-6;1;2,2,0
3,14,1,2,1,1111111-1010001,40,0;0;2-2;0;2-6;0;2-0;1;2-1;1;2-2;1;2-3;1;2-4;1;2-5;1;2-6;1;2,2,1
3,14,1,2,1,1111111-1010001,40,0;0;2-2;0;2-6;0;2-0;1;2-1;1;2-2;1;2-3;1;2-4;1;2-5;1;2-6;1;2,2,2
3,14,1,2,1,1111111-1010001,40,0;0;2-2;0;2-6;0;2-0;1;2-1;1;2-2;1;2-3;1;2-4;1;2-5;1;2-6;1;2,2,3
3,14,1,2,1,1111111-1010001,40,0;0;2-2;0;2-6;0;2-0;1;2-1;1;2-2;1;2-3;1;2-4;1;2-5;1;2-6;1;2,2,4
4,0,2,0,0,1111-1111-1001,40,0;0;0-3;0;0-0;1;0-1;1;0-2;1;0-3;1;0-0;2;0-1;2;0-2;2;0-3;2;0,0,0
4,0,2,0,0,1111-1111-1001,40,0;0;0-3;0;0-0;1;0-1;1;0-2;1;0-3;1;0-0;2;0-1;2;0-2;2;0-3;2;0,0,1
4,0,2,0,0,1111-1111-1001,40,0;0;0-3;0;0-0;1;0-1;1;0-2;1;0-3;1;0-0;2;0-1;2;0-2;2;0-3;2;0,0,2
4,0,2,0,0,1111-1111-1001,40,0;0;0-3;0;0-0;1;0-1;1;0-2;1;0-3;1;0-0;2;0-1;2;0-2;2;0-3;2;0,0,3
4,0,2,0,0,1111-1111-1001,40,0;0;0-3;0;0-0;1;0-1;1;0-2;1;0-3;1;0-0;2;0-1;2;0-2;2;0-3;2;0,0,4
4,1,2,0,1,0111-1111-1001,40,0;0;5-3;0;0-0;1;5-1;1;5-2;1;5-3;1;0-1;2;5-2;2;5-3;2;8,5,0
4,1,2,0,1,0111-1111-1001,40,0;0;3-3;0;0-0;1;1-1;1;3-2;1;0-3;1;0-1;2;0-2;2;0-3;2;0,0,1
4,1,2,0,1,0111-1111-1001,40,0;0;5-3;0;0-0;1;5-1;1;0-2;1;0-3;1;0-1;2;0-2;2;0-3;2;0,0,2
4,1,2,0,1,0111-1111-1001,40,0;0;3-3;0;8-0;1;3-1;1;8-2;1;8-3;1;8-1;2;8-2;2;8-3;2;8,8,3
4,1,2,0,1,0111-1111-1001,40,0;0;5-3;0;0-0;1;5-1;1;0-2;1;0-3;1;0-1;2;0-2;2;0-3;2;0,0,4
4,2,2,0,1,1110-1111-1001,40,0;0;0-3;0;5-0;1;0-1;1;0-2;1;0-3;1;5-0;2;0-1;2;0-2;2;0,0,0
4,2,2,0,1,1110-1111-1001,40,0;0;0-3;0;3-0;1;0-1;1;3-2;1;3-3;1;3-0;2;0-1;2;0-2;2;0,0,1
4,2,2,0,1,1110-1111-1001,40,0;0;0-3;0;5-0;1;0-1;1;0-2;1;0-3;1;5-0;2;0-1;2;0-2;2;0,0,2
4,2,2,0,1,1110-1111-1001,40,0;0;8-3;0;3-0;1;8-1;1;8-2;1;8-3;1;1-0;2;8-1;2;8-2;2;8,8,3
4,2,2,0,1,1110-1111-1001,40,0;0;0-3;0;5-0;1;0-1;1;0-2;1;0-3;1;5-0;2;0-1;2;0-2;2;0,0,4
4,3,2,0,1,1111-1111-0001,40,3;0;0-0;1;1-1;1;1-2;1;1-3;1;0-0;2;1-1;2;1-2;2;1-3;2;0,1,0
4,3,2,0,1,1111-1111-0001,40,3;0;0-0;1;1-1;1;1-2;1;0-3;1;0-0;2;1-1;2;1-2;2;0-3;2;0,0,1
4,3,2,0,1,1111-1111-0001,40,3;0;0-0;1;1-1;1;1-2;1;0-3;1;0-0;2;1-1;2;1-2;2;0-3;2;0,0,2
4,3,2,0,1,1111-1111-0001,40,3;0;0-0;1;1-1;1;1-2;1;0-3;1;0-0;2;1-1;2;1-2;2;1-3;2;0,1,3
4,3,2,0,1,1111-1111-0001,40,3;0;0-0;1;1-1;1;1-2;1;0-3;1;0-0;2;1-1;2;1-2;2;0-3;2;0,0,4
4,4,2,0,1,1111-1111-1000,40,0;0;0-0;1;0-1;1;0-2;1;1-3;1;1-0;2;0-1;2;0-2;2;1-3;2;1,0,0
4,4,2,0,1,1111-1111-1000,40,0;0;0-0;1;0-1;1;0-2;1;1-3;1;1-0;2;0-1;2;0-2;2;1-3;2;1,0,1
4,4,2,0,1,1111-1111-1000,40,0;0;0-0;1;0-1;1;0-2;1;1-3;1;1-0;2;0-1;2;0-2;2;1-3;2;1,0,2
4,4,2,0,1,1111-1111-1000,40,0;0;0-0;1;0-1;1;0-2;1;0-3;1;0-0;2;0-1;2;0-2;2;0-3;2;0,0,3
4,4,2,0,1,1111-1111-1000,40,0;0;0-0;1;0-1;1;0-2;1;1-3;1;1-0;2;0-1;2;0-2;2;1-3;2;1,0,4
4,5,2,1,0,11111-11111,40,0;0;1-1;0;1-2;0;1-3;0;1-4;0;1-0;1;1-1;1;1-2;1;1-3;1;1-4;1;1,1,0
4,5,2,1,0,11111-11111,40,0;0;1-1;0;1-2;0;1-3;0;1-4;0;1-0;1;1-1;1;1-2;1;1-3;1;1-4;1;1,1,1
4,5,2,1,0,11111-11111,40,0;0;1-1;0;1-2;0;1-3;0;1-4;0;1-0;1;1-1;1;1-2;1;1-3;1;1-4;1;1,1,2
4,5,2,1,0,11111-11111,40,0;0;1-1;0;1-2;0;1-3;0;1-4;0;1-0;1;1-1;1;1-2;1;1-3;1;1-4;1;1,1,3
4,5,2,1,0,11111-11111,40,0;0;1-1;0;1-2;0;1-3;0;1-4;0;1-0;1;1-1;1;1-2;1;1-3;1;1-4;1;1,1,4
4,6,2,1,1,01111-11111,40,0;0;4-1;0;1-2;0;1-3;0;1-4;0;1-1;1;1-2;1;1-3;1;1-4;1;1,1,0
4,6,2,1,1,01111-11111,40,0;0;4-1;0;1-2;0;1-3;0;1-4;0;1-1;1;1-2;1;1-3;1;1-4;1;1,1,1
4,6,2,1,1,01111-11111,40,0;0;4-1;0;1-2;0;1-3;0;1-4;0;1-1;1;1-2;1;1-3;1;1-4;1;1,1,2
4,6,2,1,1,01111-11111,40,0;0;1-1;0;1-2;0;1-3;0;1-4;0;1-1;1;1-2;1;1-3;1;1-4;1;1,1,3
4,6,2,1,1,01111-11111,40,0;0;1-1;0;1-2;0;1-3;0;1-4;0;1-1;1;1-2;1;1-3;1;1-4;1;1,1,4
4,7,2,1,1,11110-11111,40,0;0;1-1;0;1-2;0;1-3;0;1-4;0;4-0;1;1-1;1;1-2;1;1-3;1;1,1,0
4,7,2,1,1,11110-11111,40,0;0;1-1;0;1-2;0;1-3;0;1-4;0;4-0;1;1-1;1;1-2;1;1-3;1;1,1,1
4,7,2,1,1,11110-11111,40,0;0;1-1;0;1-2;0;1-3;0;1-4;0;4-0;1;1-1;1;1-2;1;1-3;1;1,1,2
4,7,2,1,1,11110-11111,40,0;0;1-1;0;1-2;0;1-3;0;1-4;0;4-0;1;1-1;1;1-2;1;1-3;1;1,1,3
4,7,2,1,1,11110-11111,40,0;0;1-1;0;1-2;0;1-3;0;1-4;0;1-0;1;1-1;1;1-2;1;1-3;1;1,1,4
4,8,2,1,1,11111-01111,40,1;0;1-2;0;1-3;0;1-4;0;1-0;1;4-1;1;1-2;1;1-3;1;1-4;1;1,1,0
4,8,2,1,1,11111-01111,40,1;0;1-2;0;1-3;0;1-4;0;1-0;1;3-1;1;1-2;1;1-3;1;1-4;1;1,1,1
4,8,2,1,1,11111-01111,40,1;0;1-2;0;1-3;0;1-4;0;1-0;1;4-1;1;1-2;1;1-3;1;1-4;1;1,1,2
4,8,2,1,1,11111-01111,40,1;0;1-2;0;1-3;0;1-4;0;1-0;1;5-1;1;1-2;1;1-3;1;1-4;1;1,1,3
4,8,2,1,1,11111-01111,40,1;0;1-2;0;1-3;0;1-4;0;1-0;1;3-1;1;1-2;1;1-3;1;1-4;1;1,1,4
4,9,2,1,1,11111-11110,40,0;0;1-1;0;1-2;0;1-3;0;1-0;1;1-1;1;1-2;1;1-3;1;1-4;1;4,1,0
4,9,2,1,1,11111-11110,40,0;0;1-1;0;1-2;0;1-3;0;1-0;1;1-1;1;1-2;1;1-3;1;1-4;1;4,1,1
4,9,2,1,1,11111-11110,40,0;0;1-1;0;1-2;0;1-3;0;1-0;1;1-1;1;1-2;1;1-3;1;1-4;1;1,1,2
4,9,2,1,1,11111-11110,40,0;0;1-1;0;1-2;0;1-3;0;1-0;1;1-1;1;1-2;1;1-3;1;1-4;1;5,1,3
4,9,2,1,1,11111-11110,40,0;0;1-1;0;1-2;0;1-3;0;1-0;1;1-1;1;1-2;1;1-3;1;1-4;1;1,1,4
4,10,2,2,0,1111111-1010101,40,0;0;2-2;0;2-4;0;2-6;0;2-0;1;2-1;1;2-2;1;2-3;1;2-4;1;2-5;1;2-6;1;2,2,0
4,10,2,2,0,1111111-1010101,40,0;0;2-2;0;2-4;0;2-6;0;2-0;1;2-1;1;2-2;1;2-3;1;2-4;1;2-5;1;2-6;1;2,2,1
4,10,2,2,0,1111111-1010101,40,0;0;2-2;0;2-4;0;2-6;0;2-0;1;2-1;1;2-2;1;2-3;1;2-4;1;2-5;1;2-6;1;2,2,2
4,10,2,2,0,1111111-1010101,40,0;0;2-2;0;2-4;0;2-6;0;2-0;1;2-1;1;2-2;1;2-3;1;2-4;1;2-5;1;2-6;1;2,2,3
4,10,2,2,0,1111111-1010101,40,0;0;2-2;0;2-4;0;2-6;0;2-0;1;2-1;1;2-2;1;2-3;1;2-4;1;2-5;1;2-6;1;2,2,4
4,11,2,2,1,1111111-0010101,40,2;0;2-4;0;2-6;0;2-0;1;2-1;1;2-2;1;2-3;1;2-4;1;2-5;1;2-6;1;2,2,0
4,11,2,2,1,1111111-0010101,40,2;0;2-4;0;2-6;0;2-0;1;2-1;1;2-2;1;2-3;1;2-4;1;2-5;1;2-6;1;2,2,1
4,11,2,2,1,1111111-0010101,40,2;0;2-4;0;2-6;0;2-0;1;2-1;1;2-2;1;2-3;1;2-4;1;2-5;1;2-6;1;2,2,2
4,11,2,2,1,1111111-0010101,40,2;0;2-4;0;2-6;0;2-0;1;3-1;1;2-2;1;2-3;1;2-4;1;2-5;1;2-6;1;2,2,3
4,11,2,2,1,1111111-0010101,40,2;0;5-4;0;5-6;0;2-0;1;4-1;1;4-2;1;5-3;1;5-4;1;5-5;1;5-6;1;2,5,4
4,12,2,2,1,1111111-1010100,40,0;0;2-2;0;2-4;0;2-0;1;2-1;1;2-2;1;2-3;1;2-4;1;2-5;1;2-6;1;4,2,0
4,12,2,2,1,1111111-1010100,40,0;0;2-2;0;2-4;0;2-0;1;2-1;1;2-2;1;2-3;1;2-4;1;2-5;1;2-6;1;2,2,1
4,12,2,2,1,1111111-1010100,40,0;0;5-2;0;5-4;0;5-0;1;5-1;1;5-2;1;5-3;1;5-4;1;5-5;1;4-6;1;4,5,2
4,12,2,2,1,1111111-1010100,40,0;0;2-2;0;2-4;0;2-0;1;2-1;1;2-2;1;2-3;1;2-4;1;2-5;1;2-6;1;2,2,3
4,12,2,2,1,1111111-1010100,40,0;0;2-2;0;2-4;0;2-0;1;2-1;1;2-2;1;2-3;1;2-4;1;2-5;1;2-6;1;2,2,4
4,13,2,2,1,1111111-1000101,40,0;0;3-4;0;5-6;0;5-0;1;3-1;1;3-2;1;3-3;1;3-4;1;5-5;1;5-6;1;5,3,0
4,13,2,2,1,1111111-1000101,40,0;0;3-4;0;5-6;0;5-0;1;3-1;1;3-2;1;3-3;1;3-4;1;5-5;1;5-6;1;5,3,1
4,13,2,2,1,1111111-1000101,40,0;0;3-4;0;5-6;0;5-0;1;3-1;1;4-2;1;4-3;1;4-4;1;5-5;1;5-6;1;5,5,2
4,13,2,2,1,1111111-1000101,40,0;0;3-4;0;3-6;0;5-0;1;3-1;1;3-2;1;4-3;1;4-4;1;3-5;1;5-6;1;5,3,3
4,13,2,2,1,1111111-1000101,40,0;0;3-4;0;5-6;0;5-0;1;3-1;1;4-2;1;4-3;1;4-4;1;5-5;1;5-6;1;5,5,4
4,14,2,2,1,1111111-1010001,40,0;0;5-2;0;5-6;0;3-0;1;5-1;1;5-2;1;5-3;1;3-4;1;3-5;1;3-6;1;3,3,0
4,14,2,2,1,1111111-1010001,40,0;0;5-2;0;5-6;0;3-0;1;5-1;1;5-2;1;5-3;1;2-4;1;2-5;1;3-6;1;3,5,1
4,14,2,2,1,1111111-1010001,40,0;0;5-2;0;5-6;0;3-0;1;5-1;1;5-2;1;5-3;1;4-4;1;4-5;1;4-6;1;3,5,2
4,14,2,2,1,1111111-1010001,40,0;0;5-2;0;3-6;0;3-0;1;5-1;1;5-2;1;3-3;1;4-4;1;4-5;1;4-6;1;3,3,3
4,14,2,2,1,1111111-1010001,40,0;0;5-2;0;5-6;0;3-0;1;5-1;1;5-2;1;5-3;1;3-4;1;4-5;1;3-6;1;3,5,4
4,15,2,3,0,1111-1001,40,0;0;3-3;0;3-0;1;3-1;1;3-2;1;3-3;1;3,3,0
4,15,2,3,0,1111-1001,40,0;0;3-3;0;3-0;1;3-1;1;3-2;1;3-3;1;3,3,1
4,15,2,3,0,1111-1001,40,0;0;3-3;0;3-0;1;3-1;1;3-2;1;3-3;1;3,3,2
4,15,2,3,0,1111-1001,40,0;0;3-3;0;3-0;1;3-1;1;3-2;1;3-3;1;5,3,3
4,15,2,3,0,1111-1001,40,0;0;3-3;0;3-0;1;3-1;1;3-2;1;3-3;1;3,3,4
4,16,2,3,1,1111-0001,40,3;0;3-0;1;4-1;1;4-2;1;3-3;1;3,3,0
4,16,2,3,1,1111-0001,40,3;0;3-0;1;4-1;1;4-2;1;3-3;1;3,3,1
4,16,2,3,1,1111-0001,40,3;0;3-0;1;4-1;1;4-2;1;4-3;1;3,4,2
4,16,2,3,1,1111-0001,40,3;0;3-0;1;4-1;1;4-2;1;4-3;1;3,4,3
4,16,2,3,1,1111-0001,40,3;0;3-0;1;4-1;1;4-2;1;3-3;1;3,3,4
4,17,2,3,1,1111-1000,40,0;0;3-0;1;3-1;1;4-2;1;4-3;1;4,4,0
4,17,2,3,1,1111-1000,40,0;0;3-0;1;3-1;1;3-2;1;4-3;1;4,3,1
4,17,2,3,1,1111-1000,40,0;0;3-0;1;3-1;1;4-2;1;4-3;1;4,4,2
4,17,2,3,1,1111-1000,40,0;0;3-0;1;3-1;1;3-2;1;4-3;1;4,3,3
4,17,2,3,1,1111-1000,40,0;0;3-0;1;3-1;1;4-2;1;4-3;1;4,4,4
4,18,2,4,0,1111,40,0;0;4-1;0;4-2;0;4-3;0;4,4,0
4,18,2,4,0,1111,40,0;0;4-1;0;4-2;0;4-3;0;4,4,1
4,18,2,4,0,1111,40,0;0;4-1;0;4-2;0;4-3;0;4,4,2
4,18,2,4,0,1111,40,0;0;4-1;0;4-2;0;4-3;0;4,4,3
4,18,2,4,0,1111,40,0;0;4-1;0;4-2;0;4-3;0;4,4,4
4,19,2,4,1,111,40,0;0;4-1;0;4-2;0;4,4,0
4,19,2,4,1,111,40,0;0;4-1;0;4-2;0;4,4,1
4,19,2,4,1,111,40,0;0;4-1;0;4-2;0;4,4,2
4,19,2,4,1,111,40,0;0;4-1;0;4-2;0;4,4,3
4,19,2,4,1,111,40,0;0;4-1;0;4-2;0;4,4,4
4,20,2,5,0,11111-10101,40,0;0;5-2;0;5-4;0;5-0;1;5-1;1;5-2;1;5-3;1;5-4;1;5,5,0
4,20,2,5,0,11111-10101,40,0;0;5-2;0;5-4;0;5-0;1;5-1;1;5-2;1;5-3;1;5-4;1;5,5,1
4,20,2,5,0,11111-10101,40,0;0;5-2;0;5-4;0;5-0;1;5-1;1;5-2;1;5-3;1;5-4;1;5,5,2
4,20,2,5,0,11111-10101,40,0;0;5-2;0;5-4;0;5-0;1;5-1;1;5-2;1;5-3;1;5-4;1;5,5,3
4,20,2,5,0,11111-10101,40,0;0;5-2;0;5-4;0;5-0;1;5-1;1;5-2;1;5-3;1;5-4;1;5,5,4
4,21,2,5,1,11111-00101,40,2;0;5-4;0;5-0;1;3-1;1;3-2;1;5-3;1;5-4;1;5,5,0
4,21,2,5,1,11111-00101,40,2;0;5-4;0;5-0;1;3-1;1;3-2;1;5-3;1;5-4;1;5,5,1
4,21,2,5,1,11111-00101,40,2;0;5-4;0;5-0;1;4-1;1;4-2;1;5-3;1;5-4;1;5,5,2
4,21,2,5,1,11111-00101,40,2;0;3-4;0;5-0;1;4-1;1;4-2;1;4-3;1;5-4;1;5,4,3
4,21,2,5,1,11111-00101,40,2;0;5-4;0;5-0;1;4-1;1;4-2;1;5-3;1;5-4;1;5,5,4
4,22,2,5,1,11111-10001,40,0;0;3-4;0;3-0;1;3-1;1;3-2;1;3-3;1;3-4;1;3,3,0
4,22,2,5,1,11111-10001,40,0;0;3-4;0;3-0;1;3-1;1;3-2;1;3-3;1;3-4;1;3,3,1
4,22,2,5,1,11111-10001,40,0;0;3-4;0;3-0;1;3-1;1;4-2;1;4-3;1;4-4;1;3,3,2
4,22,2,5,1,11111-10001,40,0;0;3-4;0;3-0;1;3-1;1;3-2;1;4-3;1;3-4;1;3,3,3
4,22,2,5,1,11111-10001,40,0;0;3-4;0;3-0;1;3-1;1;3-2;1;4-3;1;3-4;1;3,3,4
4,23,2,5,1,11111-10100,40,0;0;5-2;0;3-0;1;5-1;1;5-2;1;5-3;1;3-4;1;4,5,0
4,23,2,5,1,11111-10100,40,0;0;5-2;0;5-0;1;5-1;1;5-2;1;5-3;1;4-4;1;4,5,1
4,23,2,5,1,11111-10100,40,0;0;5-2;0;5-0;1;5-1;1;5-2;1;3-3;1;4-4;1;4,5,2
4,23,2,5,1,11111-10100,40,0;0;5-2;0;3-0;1;5-1;1;5-2;1;4-3;1;4-4;1;4,4,3
4,23,2,5,1,11111-10100,40,0;0;5-2;0;5-0;1;5-1;1;5-2;1;5-3;1;4-4;1;4,5,4
4,24,2,6,0,111111-111111-110011-110011,40,0;0;6-1;0;6-4;0;6-5;0;6-0;1;6-1;1;6-4;1;6-5;1;6-0;2;6-1;2;6-2;2;6-3;2;6-4;2;6-5;2;6-0;3;6-1;3;6-2;3;6-3;3;6-4;3;6-5;3;6,6,0
4,24,2,6,0,111111-111111-110011-110011,40,0;0;6-1;0;6-4;0;6-5;0;6-0;1;6-1;1;6-4;1;6-5;1;6-0;2;6-1;2;6-2;2;6-3;2;6-4;2;6-5;2;6-0;3;6-1;3;6-2;3;6-3;3;6-4;3;6-5;3;6,6,1
4,24,2,6,0,111111-111111-110011-110011,40,0;0;6-1;0;6-4;0;6-5;0;6-0;1;6-1;1;6-4;1;6-5;1;6-0;2;6-1;2;6-2;2;6-3;2;6-4;2;6-5;2;6-0;3;6-1;3;6-2;3;6-3;3;6-4;3;6-5;3;6,6,2
4,24,2,6,0,111111-111111-110011-110011,40,0;0;6-1;0;6-4;0;6-5;0;6-0;1;6-1;1;6-4;1;6-5;1;6-0;2;6-1;2;6-2;2;6-3;2;6-4;2;6-5;2;6-0;3;6-1;3;6-2;3;6-3;3;6-4;3;6-5;3;6,6,3
4,24,2,6,0,111111-111111-110011-110011,40,0;0;6-1;0;6-4;0;6-5;0;6-0;1;6-1;1;6-4;1;6-5;1;6-0;2;6-1;2;6-2;2;6-3;2;6-4;2;6-5;2;6-0;3;6-1;3;6-2;3;6-3;3;6-4;3;6-5;3;6,6,4
4,25,2,6,1,011111-111111-110011-110011,40,0;0;6-1;0;6-4;0;6-5;0;6-0;1;6-1;1;6-4;1;6-5;1;6-0;2;6-1;2;6-2;2;6-3;2;6-4;2;6-5;2;6-1;3;6-2;3;6-3;3;6-4;3;6-5;3;6,6,0
4,25,2,6,1,011111-111111-110011-110011,40,0;0;6-1;0;6-4;0;6-5;0;6-0;1;6-1;1;6-4;1;6-5;1;6-0;2;6-1;2;6-2;2;6-3;2;6-4;2;6-5;2;6-1;3;6-2;3;6-3;3;6-4;3;6-5;3;6,6,1
4,25,2,6,1,011111-111111-110011-110011,40,0;0;6-1;0;6-4;0;6-5;0;6-0;1;6-1;1;6-4;1;6-5;1;6-0;2;6-1;2;6-2;2;6-3;2;6-4;2;6-5;2;6-1;3;6-2;3;6-3;3;6-4;3;6-5;3;6,6,2
4,25,2,6,1,011111-111111-110011-110011,40,0;0;6-1;0;6-4;0;6-5;0;6-0;1;6-1;1;6-4;1;6-5;1;6-0;2;6-1;2;6-2;2;6-3;2;6-4;2;6-5;2;6-1;3;6-2;3;6-3;3;6-4;3;6-5;3;6,6,3
4,25,2,6,1,011111-111111-110011-110011,40,0;0;6-1;0;6-4;0;6-5;0;6-0;1;6-1;1;6-4;1;6-5;1;6-0;2;6-1;2;6-2;2;6-3;2;6-4;2;6-5;2;6-1;3;6-2;3;6-3;3;6-4;3;6-5;3;6,6,4
4,26,2,6,1,111110-111111-110011-110011,40,0;0;6-1;0;6-4;0;6-5;0;6-0;1;6-1;1;6-4;1;6-5;1;6-0;2;6-1;2;6-2;2;6-3;2;6-4;2;6-5;2;6-0;3;6-1;3;6-2;3;6-3;3;6-4;3;6,6,0
4,26,2,6,1,111110-111111-110011-110011,40,0;0;6-1;0;6-4;0;6-5;0;6-0;1;6-1;1;6-4;1;6-5;1;6-0;2;6-1;2;6-2;2;6-3;2;6-4;2;6-5;2;6-0;3;6-1;3;6-2;3;6-3;3;6-4;3;6,6,1
4,26,2,6,1,111110-111111-110011-110011,40,0;0;6-1;0;6-4;0;6-5;0;6-0;1;6-1;1;6-4;1;6-5;1;6-0;2;6-1;2;6-2;2;6-3;2;6-4;2;6-5;2;6-0;3;6-1;3;6-2;3;6-3;3;6-4;3;6,6,2
4,26,2,6,1,111110-111111-110011-110011,40,0;0;6-1;0;6-4;0;6-5;0;6-0;1;6-1;1;6-4;1;6-5;1;6-0;2;6-1;2;6-2;2;6-3;2;6-4;2;6-5;2;6-0;3;6-1;3;6-2;3;6-3;3;6-4;3;6,6,3
4,26,2,6,1,111110-111111-110011-110011,40,0;0;6-1;0;6-4;0;6-5;0;6-0;1;6-1;1;6-4;1;6-5;1;6-0;2;6-1;2;6-2;2;6-3;2;6-4;2;6-5;2;6-0;3;6-1;3;6-2;3;6-3;3;6-4;3;6,6,4
4,27,2,6,1,111111-111111-110011-100011,40,0;0;8-4;0;6-5;0;6-0;1;6-1;1;6-4;1;6-5;1;6-0;2;6-1;2;6-2;2;6-3;2;6-4;2;6-5;2;6-0;3;6-1;3;6-2;3;6-3;3;6-4;3;6-5;3;6,6,0
4,27,2,6,1,111111-111111-110011-100011,40,0;0;8-4;0;6-5;0;6-0;1;8-1;1;8-4;1;6-5;1;6-0;2;8-1;2;6-2;2;6-3;2;6-4;2;6-5;2;6-0;3;6-1;3;6-2;3;6-3;3;6-4;3;6-5;3;6,6,1
4,27,2,6,1,111111-111111-110011-100011,40,0;0;0-4;0;6-5;0;6-0;1;0-1;1;0-4;1;6-5;1;6-0;2;6-1;2;6-2;2;6-3;2;6-4;2;6-5;2;6-0;3;6-1;3;6-2;3;6-3;3;6-4;3;6-5;3;6,6,2
4,27,2,6,1,111111-111111-110011-100011,40,0;0;8-4;0;6-5;0;6-0;1;6-1;1;6-4;1;6-5;1;6-0;2;6-1;2;6-2;2;6-3;2;6-4;2;6-5;2;6-0;3;6-1;3;6-2;3;6-3;3;6-4;3;6-5;3;6,6,3
4,27,2,6,1,111111-111111-110011-100011,40,0;0;0-4;0;6-5;0;6-0;1;0-1;1;0-4;1;6-5;1;6-0;2;6-1;2;6-2;2;6-3;2;6-4;2;6-5;2;6-0;3;6-1;3;6-2;3;6-3;3;6-4;3;6-5;3;6,6,4
4,28,2,6,1,111111-111111-110011-110001,40,0;0;6-1;0;6-5;0;8-0;1;6-1;1;6-4;1;6-5;1;6-0;2;6-1;2;6-2;2;6-3;2;6-4;2;6-5;2;6-0;3;6-1;3;6-2;3;6-3;3;6-4;3;6-5;3;6,6,0
4,28,2,6,1,111111-111111-110011-110001,40,0;0;6-1;0;6-5;0;8-0;1;6-1;1;6-4;1;6-5;1;8-0;2;6-1;2;6-2;2;6-3;2;6-4;2;6-5;2;6-0;3;6-1;3;6-2;3;6-3;3;6-4;3;6-5;3;6,6,1
4,28,2,6,1,111111-111111-110011-110001,40,0;0;6-1;0;6-5;0;0-0;1;6-1;1;6-4;1;6-5;1;6-0;2;6-1;2;6-2;2;6-3;2;6-4;2;6-5;2;6-0;3;6-1;3;6-2;3;6-3;3;6-4;3;6-5;3;6,6,2
4,28,2,6,1,111111-111111-110011-110001,40,0;0;6-1;0;6-5;0;8-0;1;6-1;1;6-4;1;8-5;1;8-0;2;6-1;2;6-2;2;6-3;2;6-4;2;6-5;2;6-0;3;6-1;3;6-2;3;6-3;3;6-4;3;6-5;3;6,6,3
4,28,2,6,1,111111-111111-110011-110001,40,0;0;6-1;0;6-5;0;0-0;1;6-1;1;6-4;1;6-5;1;6-0;2;6-1;2;6-2;2;6-3;2;6-4;2;6-5;2;6-0;3;6-1;3;6-2;3;6-3;3;6-4;3;6-5;3;6,6,4
4,29,2,7,0,11111111-11111111-11111111,40,0;0;7-1;0;7-2;0;7-3;0;7-4;0;7-5;0;7-6;0;7-7;0;7-0;1;7-1;1;7-2;1;7-3;1;7-4;1;7-5;1;7-6;1;7-7;1;7-0;2;7-1;2;7-2;2;7-3;2;7-4;2;7-5;2;7-6;2;7-7;2;7,7,0
4,29,2,7,0,11111111-11111111-11111111,40,0;0;7-1;0;7-2;0;7-3;0;7-4;0;7-5;0;7-6;0;7-7;0;7-0;1;7-1;1;7-2;1;7-3;1;7-4;1;7-5;1;7-6;1;7-7;1;7-0;2;7-1;2;7-2;2;7-3;2;7-4;2;7-5;2;7-6;2;7-7;2;7,7,1
4,29,2,7,0,11111111-11111111-11111111,40,0;0;7-1;0;7-2;0;7-3;0;7-4;0;7-5;0;7-6;0;7-7;0;7-0;1;7-1;1;7-2;1;7-3;1;7-4;1;7-5;1;7-6;1;7-7;1;7-0;2;7-1;2;7-2;2;7-3;2;7-4;2;7-5;2;7-6;2;7-7;2;7,7,2
4,29,2,7,0,11111111-11111111-11111111,40,0;0;7-1;0;7-2;0;7-3;0;7-4;0;7-5;0;7-6;0;7-7;0;7-0;1;7-1;1;7-2;1;7-3;1;7-4;1;7-5;1;7-6;1;7-7;1;7-0;2;7-1;2;7-2;2;7-3;2;7-4;2;7-5;2;7-6;2;7-7;2;7,7,3
4,29,2,7,0,11111111-11111111-11111111,40,0;0;7-1;0;7-2;0;7-3;0;7-4;0;7-5;0;7-6;0;7-7;0;7-0;1;7-1;1;7-2;1;7-3;1;7-4;1;7-5;1;7-6;1;7-7;1;7-0;2;7-1;2;7-2;2;7-3;2;7-4;2;7-5;2;7-6;2;7-7;2;7,7,4
4,30,2,7,1,01111111-11111111-11111111,40,0;0;7-1;0;7-2;0;7-3;0;7-4;0;7-5;0;7-6;0;7-7;0;7-0;1;7-1;1;7-2;1;7-3;1;7-4;1;7-5;1;7-6;1;7-7;1;7-1;2;7-2;2;7-3;2;7-4;2;7-5;2;7-6;2;7-7;2;7,7,0
4,30,2,7,1,01111111-11111111-11111111,40,0;0;7-1;0;7-2;0;7-3;0;7-4;0;7-5;0;7-6;0;7-7;0;7-0;1;7-1;1;7-2;1;7-3;1;7-4;1;7-5;1;7-6;1;7-7;1;7-1;2;7-2;2;7-3;2;7-4;2;7-5;2;7-6;2;7-7;2;7,7,1
4,30,2,7,1,01111111-11111111-11111111,40,0;0;1-1;0;7-2;0;7-3;0;7-4;0;7-5;0;7-6;0;7-7;0;7-0;1;7-1;1;7-2;1;7-3;1;7-4;1;7-5;1;7-6;1;7-7;1;7-1;2;7-2;2;7-3;2;7-4;2;7-5;2;7-6;2;7-7;2;7,7,2
4,30,2,7,1,01111111-11111111-11111111,40,0;0;7-1;0;7-2;0;7-3;0;7-4;0;7-5;0;7-6;0;7-7;0;7-0;1;7-1;1;7-2;1;7-3;1;7-4;1;7-5;1;7-6;1;7-7;1;7-1;2;7-2;2;7-3;2;7-4;2;7-5;2;7-6;2;7-7;2;7,7,3
4,30,2,7,1,01111111-11111111-11111111,40,0;0;7-1;0;7-2;0;7-3;0;7-4;0;7-5;0;7-6;0;7-7;0;7-0;1;7-1;1;7-2;1;7-3;1;7-4;1;7-5;1;7-6;1;7-7;1;7-1;2;7-2;2;7-3;2;7-4;2;7-5;2;7-6;2;7-7;2;7,7,4
4,31,2,7,1,11111110-11111111-11111111,40,0;0;7-1;0;7-2;0;7-3;0;7-4;0;7-5;0;7-6;0;7-7;0;7-0;1;7-1;1;7-2;1;7-3;1;7-4;1;7-5;1;7-6;1;7-7;1;7-0;2;7-1;2;7-2;2;7-3;2;7-4;2;7-5;2;7-6;2;7,7,0
4,31,2,7,1,11111110-11111111-11111111,40,0;0;7-1;0;7-2;0;7-3;0;7-4;0;7-5;0;7-6;0;7-7;0;1-0;1;7-1;1;7-2;1;7-3;1;7-4;1;7-5;1;7-6;1;7-7;1;1-0;2;7-1;2;7-2;2;7-3;2;7-4;2;7-5;2;7-6;2;7,7,1
4,31,2,7,1,11111110-11111111-11111111,40,0;0;7-1;0;7-2;0;7-3;0;7-4;0;7-5;0;7-6;0;7-7;0;7-0;1;7-1;1;7-2;1;7-3;1;7-4;1;7-5;1;7-6;1;7-7;1;7-0;2;7-1;2;7-2;2;7-3;2;7-4;2;7-5;2;7-6;2;7,7,2
4,31,2,7,1,11111110-11111111-11111111,40,0;0;7-1;0;7-2;0;7-3;0;7-4;0;7-5;0;7-6;0;7-7;0;7-0;1;7-1;1;7-2;1;7-3;1;7-4;1;7-5;1;7-6;1;7-7;1;7-0;2;7-1;2;7-2;2;7-3;2;7-4;2;7-5;2;7-6;2;7,7,3
4,31,2,7,1,11111110-11111111-11111111,40,0;0;7-1;0;7-2;0;7-3;0;7-4;0;7-5;0;7-6;0;7-7;0;7-0;1;7-1;1;7-2;1;7-3;1;7-4;1;7-5;1;7-6;1;7-7;1;7-0;2;7-1;2;7-2;2;7-3;2;7-4;2;7-5;2;7-6;2;7,7,4
4,32,2,7,1,11111111-11111111-01111111,40,1;0;7-2;0;7-3;0;7-4;0;7-5;0;7-6;0;7-7;0;7-0;1;6-1;1;7-2;1;7-3;1;7-4;1;7-5;1;7-6;1;7-7;1;7-0;2;7-1;2;7-2;2;7-3;2;7-4;2;7-5;2;7-6;2;7-7;2;7,7,0
4,32,2,7,1,11111111-11111111-01111111,40,1;0;7-2;0;7-3;0;7-4;0;7-5;0;7-6;0;7-7;0;7-0;1;7-1;1;7-2;1;7-3;1;7-4;1;7-5;1;7-6;1;7-7;1;7-0;2;7-1;2;7-2;2;7-3;2;7-4;2;7-5;2;7-6;2;7-7;2;7,7,1
4,32,2,7,1,11111111-11111111-01111111,40,1;0;7-2;0;7-3;0;7-4;0;7-5;0;7-6;0;7-7;0;7-0;1;7-1;1;7-2;1;7-3;1;7-4;1;7-5;1;7-6;1;7-7;1;7-0;2;7-1;2;7-2;2;7-3;2;7-4;2;7-5;2;7-6;2;7-7;2;7,7,2
4,32,2,7,1,11111111-11111111-01111111,40,1;0;7-2;0;7-3;0;7-4;0;7-5;0;7-6;0;7-7;0;7-0;1;7-1;1;7-2;1;7-3;1;7-4;1;7-5;1;7-6;1;7-7;1;7-0;2;7-1;2;7-2;2;7-3;2;7-4;2;7-5;2;7-6;2;7-7;2;7,7,3
4,32,2,7,1,11111111-11111111-01111111,40,1;0;7-2;0;7-3;0;7-4;0;7-5;0;7-6;0;7-7;0;7-0;1;7-1;1;7-2;1;7-3;1;7-4;1;7-5;1;7-6;1;7-7;1;7-0;2;7-1;2;7-2;2;7-3;2;7-4;2;7-5;2;7-6;2;7-7;2;7,7,4
4,33,2,7,1,11111111-11111111-11111110,40,0;0;7-1;0;7-2;0;7-3;0;7-4;0;7-5;0;7-6;0;7-0;1;7-1;1;7-2;1;7-3;1;7-4;1;7-5;1;7-6;1;7-7;1;7-0;2;7-1;2;7-2;2;7-3;2;7-4;2;7-5;2;7-6;2;7-7;2;7,7,0
4,33,2,7,1,11111111-11111111-11111110,40,0;0;7-1;0;7-2;0;7-3;0;7-4;0;7-5;0;7-6;0;7-0;1;7-1;1;7-2;1;7-3;1;7-4;1;7-5;1;7-6;1;7-7;1;1-0;2;7-1;2;7-2;2;7-3;2;7-4;2;7-5;2;7-6;2;7-7;2;1,7,1
4,33,2,7,1,11111111-11111111-11111110,40,0;0;7-1;0;7-2;0;7-3;0;7-4;0;7-5;0;7-6;0;7-0;1;7-1;1;7-2;1;7-3;1;7-4;1;7-5;1;7-6;1;7-7;1;7-0;2;7-1;2;7-2;2;7-3;2;7-4;2;7-5;2;7-6;2;7-7;2;7,7,2
4,33,2,7,1,11111111-11111111-11111110,40,0;0;7-1;0;7-2;0;7-3;0;7-4;0;7-5;0;7-6;0;7-0;1;7-1;1;7-2;1;7-3;1;7-4;1;7-5;1;7-6;1;7-7;1;6-0;2;7-1;2;7-2;2;7-3;2;7-4;2;7-5;2;7-6;2;7-7;2;0,7,3
4,33,2,7,1,11111111-11111111-11111110,40,0;0;7-1;0;7-2;0;7-3;0;7-4;0;7-5;0;7-6;0;7-0;1;7-1;1;7-2;1;7-3;1;7-4;1;7-5;1;7-6;1;7-7;1;7-0;2;7-1;2;7-2;2;7-3;2;7-4;2;7-5;2;7-6;2;7-7;2;7,7,4
4,34,2,8,0,111111111-111111111-101010101,40,0;0;8-2;0;8-4;0;8-6;0;8-8;0;8-0;1;8-1;1;8-2;1;8-3;1;8-4;1;8-5;1;8-6;1;8-7;1;8-8;1;8-0;2;8-1;2;8-2;2;8-3;2;8-4;2;8-5;2;8-6;2;8-7;2;8-8;2;8,8,0
4,34,2,8,0,111111111-111111111-101010101,40,0;0;8-2;0;8-4;0;8-6;0;8-8;0;8-0;1;8-1;1;8-2;1;8-3;1;8-4;1;8-5;1;8-6;1;8-7;1;8-8;1;8-0;2;8-1;2;8-2;2;8-3;2;8-4;2;8-5;2;8-6;2;8-7;2;8-8;2;8,8,1
4,34,2,8,0,111111111-111111111-101010101,40,0;0;8-2;0;8-4;0;8-6;0;8-8;0;8-0;1;8-1;1;8-2;1;8-3;1;8-4;1;8-5;1;8-6;1;8-7;1;8-8;1;8-0;2;8-1;2;8-2;2;8-3;2;8-4;2;8-5;2;8-6;2;8-7;2;8-8;2;8,8,2
4,34,2,8,0,111111111-111111111-101010101,40,0;0;8-2;0;8-4;0;8-6;0;8-8;0;8-0;1;8-1;1;8-2;1;8-3;1;8-4;1;8-5;1;8-6;1;8-7;1;8-8;1;8-0;2;8-1;2;8-2;2;8-3;2;8-4;2;8-5;2;8-6;2;8-7;2;8-8;2;8,8,3
4,34,2,8,0,111111111-111111111-101010101,40,0;0;8-2;0;8-4;0;8-6;0;8-8;0;8-0;1;8-1;1;8-2;1;8-3;1;8-4;1;8-5;1;8-6;1;8-7;1;8-8;1;8-0;2;8-1;2;8-2;2;8-3;2;8-4;2;8-5;2;8-6;2;8-7;2;8-8;2;8,8,4
4,35,2,8,1,111111111-111111111-001010101,40,2;0;8-4;0;8-6;0;8-8;0;8-0;1;8-1;1;8-2;1;8-3;1;8-4;1;8-5;1;8-6;1;8-7;1;8-8;1;8-0;2;8-1;2;8-2;2;8-3;2;8-4;2;8-5;2;8-6;2;8-7;2;8-8;2;8,8,0
4,35,2,8,1,111111111-111111111-001010101,40,2;0;8-4;0;8-6;0;8-8;0;8-0;1;1-1;1;0-2;1;0-3;1;8-4;1;8-5;1;8-6;1;8-7;1;8-8;1;8-0;2;1-1;2;0-2;2;0-3;2;8-4;2;8-5;2;8-6;2;8-7;2;8-8;2;8,8,1
4,35,2,8,1,111111111-111111111-001010101,40,2;0;8-4;0;8-6;0;8-8;0;8-0;1;6-1;1;8-2;1;8-3;1;8-4;1;8-5;1;8-6;1;8-7;1;8-8;1;8-0;2;6-1;2;8-2;2;8-3;2;8-4;2;8-5;2;8-6;2;8-7;2;8-8;2;8,8,2
4,35,2,8,1,111111111-111111111-001010101,40,2;0;8-4;0;8-6;0;8-8;0;8-0;1;1-1;1;8-2;1;8-3;1;8-4;1;8-5;1;8-6;1;8-7;1;8-8;1;8-0;2;1-1;2;8-2;2;8-3;2;8-4;2;8-5;2;8-6;2;8-7;2;8-8;2;8,8,3
4,35,2,8,1,111111111-111111111-001010101,40,2;0;8-4;0;8-6;0;8-8;0;8-0;1;1-1;1;1-2;1;8-3;1;8-4;1;8-5;1;8-6;1;8-7;1;8-8;1;8-0;2;1-1;2;1-2;2;8-3;2;8-4;2;8-5;2;8-6;2;8-7;2;8-8;2;8,8,4
4,36,2,8,1,111111111-111111111-100010101,40,0;0;8-4;0;8-6;0;8-8;0;8-0;1;8-1;1;8-2;1;8-3;1;8-4;1;8-5;1;8-6;1;8-7;1;8-8;1;8-0;2;8-1;2;8-2;2;8-3;2;8-4;2;8-5;2;8-6;2;8-7;2;8-8;2;8,8,0
4,36,2,8,1,111111111-111111111-100010101,40,0;0;0-4;0;8-6;0;8-8;0;8-0;1;0-1;1;0-2;1;1-3;1;0-4;1;0-5;1;8-6;1;8-7;1;8-8;1;8-0;2;0-1;2;0-2;2;1-3;2;0-4;2;0-5;2;8-6;2;8-7;2;8-8;2;8,8,1
4,36,2,8,1,111111111-111111111-100010101,40,0;0;0-4;0;8-6;0;8-8;0;8-0;1;0-1;1;0-2;1;8-3;1;8-4;1;8-5;1;8-6;1;8-7;1;8-8;1;8-0;2;0-1;2;0-2;2;8-3;2;8-4;2;8-5;2;8-6;2;8-7;2;8-8;2;8,8,2
4,36,2,8,1,111111111-111111111-100010101,40,0;0;8-4;0;8-6;0;8-8;0;8-0;1;8-1;1;8-2;1;0-3;1;8-4;1;8-5;1;8-6;1;8-7;1;8-8;1;8-0;2;8-1;2;8-2;2;8-3;2;8-4;2;8-5;2;8-6;2;8-7;2;8-8;2;8,8,3
4,36,2,8,1,111111111-111111111-100010101,40,0;0;0-4;0;8-6;0;8-8;0;8-0;1;0-1;1;0-2;1;1-3;1;1-4;1;8-5;1;8-6;1;8-7;1;8-8;1;8-0;2;0-1;2;1-2;2;1-3;2;1-4;2;8-5;2;8-6;2;8-7;2;8-8;2;8,8,4
4,37,2,8,1,111111111-111111111-101000101,40,0;0;8-2;0;8-6;0;8-8;0;8-0;1;8-1;1;8-2;1;8-3;1;8-4;1;8-5;1;8-6;1;8-7;1;8-8;1;8-0;2;8-1;2;8-2;2;8-3;2;8-4;2;8-5;2;8-6;2;8-7;2;8-8;2;8,8,0
4,37,2,8,1,111111111-111111111-101000101,40,0;0;8-2;0;8-6;0;8-8;0;8-0;1;8-1;1;8-2;1;8-3;1;0-4;1;1-5;1;0-6;1;0-7;1;8-8;1;8-0;2;8-1;2;8-2;2;8-3;2;0-4;2;1-5;2;0-6;2;0-7;2;8-8;2;8,8,1
4,37,2,8,1,111111111-111111111-101000101,40,0;0;8-2;0;8-6;0;8-8;0;8-0;1;8-1;1;8-2;1;8-3;1;1-4;1;1-5;1;8-6;1;8-7;1;8-8;1;8-0;2;8-1;2;0-2;2;0-3;2;1-4;2;1-5;2;0-6;2;8-7;2;8-8;2;8,8,2
4,37,2,8,1,111111111-111111111-101000101,40,0;0;8-2;0;8-6;0;8-8;0;8-0;1;8-1;1;8-2;1;8-3;1;8-4;1;0-5;1;8-6;1;8-7;1;8-8;1;8-0;2;8-1;2;8-2;2;8-3;2;8-4;2;8-5;2;8-6;2;8-7;2;8-8;2;8,8,3
4,37,2,8,1,111111111-111111111-101000101,40,0;0;8-2;0;5-6;0;8-8;0;8-0;1;8-1;1;8-2;1;5-3;1;1-4;1;1-5;1;1-6;1;8-7;1;8-8;1;8-0;2;8-1;2;8-2;2;1-3;2;1-4;2;1-5;2;1-6;2;8-7;2;8-8;2;8,8,4
4,38,2,8,1,111111111-111111111-101010100,40,0;0;8-2;0;8-4;0;8-6;0;8-0;1;8-1;1;8-2;1;8-3;1;8-4;1;8-5;1;8-6;1;8-7;1;0-8;1;0-0;2;8-1;2;8-2;2;8-3;2;8-4;2;8-5;2;8-6;2;8-7;2;0-8;2;0,8,0
4,38,2,8,1,111111111-111111111-101010100,40,0;0;8-2;0;8-4;0;8-6;0;8-0;1;8-1;1;8-2;1;8-3;1;8-4;1;8-5;1;8-6;1;8-7;1;0-8;1;1-0;2;8-1;2;8-2;2;8-3;2;8-4;2;8-5;2;8-6;2;8-7;2;0-8;2;1,8,1
4,38,2,8,1,111111111-111111111-101010100,40,0;0;8-2;0;8-4;0;8-6;0;8-0;1;8-1;1;8-2;1;8-3;1;8-4;1;8-5;1;8-6;1;8-7;1;1-8;1;1-0;2;8-1;2;8-2;2;8-3;2;8-4;2;8-5;2;8-6;2;8-7;2;1-8;2;1,8,2
4,38,2,8,1,111111111-111111111-101010100,40,0;0;8-2;0;8-4;0;8-6;0;8-0;1;8-1;1;8-2;1;8-3;1;8-4;1;8-5;1;8-6;1;8-7;1;8-8;1;1-0;2;8-1;2;8-2;2;8-3;2;8-4;2;8-5;2;8-6;2;8-7;2;8-8;2;8,8,3
4,38,2,8,1,111111111-111111111-101010100,40,0;0;8-2;0;8-4;0;8-6;0;5-0;1;8-1;1;8-2;1;8-3;1;8-4;1;8-5;1;8-6;1;0-7;1;1-8;1;1-0;2;8-1;2;8-2;2;8-3;2;8-4;2;8-5;2;8-6;2;1-7;2;1-8;2;1,8,4
3,0,1,0,0,1111-1111-1001,40,0;0;0-3;0;0-0;1;0-1;1;0-2;1;0-3;1;0-0;2;0-1;2;0-2;2;0-3;2;0,0,5
3,0,1,0,0,1111-1111-1001,40,0;0;0-3;0;0-0;1;0-1;1;0-2;1;0-3;1;0-0;2;0-1;2;0-2;2;0-3;2;0,0,6
3,0,1,0,0,1111-1111-1001,40,0;0;0-3;0;0-0;1;0-1;1;0-2;1;0-3;1;0-0;2;0-1;2;0-2;2;0-3;2;0,0,7
3,0,1,0,0,1111-1111-1001,40,0;0;0-3;0;0-0;1;0-1;1;0-2;1;0-3;1;0-0;2;0-1;2;0-2;2;0-3;2;0,0,8
3,0,1,0,0,1111-1111-1001,40,0;0;0-3;0;0-0;1;0-1;1;0-2;1;0-3;1;0-0;2;0-1;2;0-2;2;0-3;2;0,0,9
3,1,1,0,1,0111-1111-1001,40,0;0;2-3;0;0-0;1;2-1;1;0-2;1;0-3;1;0-1;2;0-2;2;0-3;2;0,0,5
3,1,1,0,1,0111-1111-1001,40,0;0;2-3;0;0-0;1;2-1;1;1-2;1;0-3;1;0-1;2;1-2;2;0-3;2;0,0,6
3,1,1,0,1,0111-1111-1001,40,0;0;2-3;0;0-0;1;2-1;1;1-2;1;0-3;1;0-1;2;1-2;2;0-3;2;0,0,7
3,1,1,0,1,0111-1111-1001,40,0;0;2-3;0;0-0;1;2-1;1;0-2;1;0-3;1;0-1;2;0-2;2;0-3;2;0,0,8
3,1,1,0,1,0111-1111-1001,40,0;0;2-3;0;0-0;1;2-1;1;0-2;1;0-3;1;0-1;2;0-2;2;0-3;2;0,0,9
3,2,1,0,1,1110-1111-1001,40,0;0;0-3;0;2-0;1;0-1;1;0-2;1;0-3;1;2-0;2;0-1;2;0-2;2;0,0,5
3,2,1,0,1,1110-1111-1001,40,0;0;0-3;0;2-0;1;0-1;1;0-2;1;0-3;1;2-0;2;0-1;2;0-2;2;0,0,6
3,2,1,0,1,1110-1111-1001,40,0;0;0-3;0;2-0;1;0-1;1;0-2;1;0-3;1;2-0;2;0-1;2;0-2;2;0,0,7
3,2,1,0,1,1110-1111-1001,40,0;0;0-3;0;2-0;1;0-1;1;0-2;1;0-3;1;2-0;2;0-1;2;0-2;2;1,0,8
3,2,1,0,1,1110-1111-1001,40,0;0;0-3;0;2-0;1;0-1;1;0-2;1;0-3;1;2-0;2;0-1;2;0-2;2;0,0,9
3,3,1,0,1,1111-1111-0001,40,3;0;0-0;1;1-1;1;0-2;1;0-3;1;0-0;2;1-1;2;0-2;2;0-3;2;0,0,5
3,3,1,0,1,1111-1111-0001,40,3;0;0-0;1;1-1;1;1-2;1;0-3;1;0-0;2;1-1;2;1-2;2;0-3;2;0,0,6
3,3,1,0,1,1111-1111-0001,40,3;0;0-0;1;1-1;1;1-2;1;0-3;1;0-0;2;1-1;2;1-2;2;0-3;2;0,0,7
3,3,1,0,1,1111-1111-0001,40,3;0;0-0;1;1-1;1;1-2;1;0-3;1;0-0;2;1-1;2;1-2;2;0-3;2;0,0,8
3,3,1,0,1,1111-1111-0001,40,3;0;0-0;1;0-1;1;0-2;1;0-3;1;0-0;2;0-1;2;0-2;2;0-3;2;0,0,9
3,4,1,0,1,1111-1111-1000,40,0;0;0-0;1;0-1;1;0-2;1;0-3;1;0-0;2;0-1;2;0-2;2;0-3;2;0,0,5
3,4,1,0,1,1111-1111-1000,40,0;0;0-0;1;0-1;1;0-2;1;1-3;1;1-0;2;0-1;2;0-2;2;1-3;2;1,0,6
3,4,1,0,1,1111-1111-1000,40,0;0;0-0;1;0-1;1;0-2;1;1-3;1;1-0;2;0-1;2;0-2;2;1-3;2;1,0,7
3,4,1,0,1,1111-1111-1000,40,0;0;0-0;1;0-1;1;0-2;1;0-3;1;1-0;2;0-1;2;0-2;2;0-3;2;1,0,8
3,4,1,0,1,1111-1111-1000,40,0;0;0-0;1;0-1;1;0-2;1;1-3;1;1-0;2;0-1;2;0-2;2;1-3;2;1,0,9
3,5,1,1,0,11111-11111,40,0;0;1-1;0;1-2;0;1-3;0;1-4;0;1-0;1;1-1;1;1-2;1;1-3;1;1-4;1;1,1,5
3,5,1,1,0,11111-11111,40,0;0;1-1;0;1-2;0;1-3;0;1-4;0;1-0;1;1-1;1;1-2;1;1-3;1;1-4;1;1,1,6
3,5,1,1,0,11111-11111,40,0;0;1-1;0;1-2;0;1-3;0;1-4;0;1-0;1;1-1;1;1-2;1;1-3;1;1-4;1;1,1,7
3,5,1,1,0,11111-11111,40,0;0;1-1;0;1-2;0;1-3;0;1-4;0;1-0;1;1-1;1;1-2;1;1-3;1;1-4;1;1,1,8
3,5,1,1,0,11111-11111,40,0;0;1-1;0;1-2;0;1-3;0;1-4;0;1-0;1;1-1;1;1-2;1;1-3;1;1-4;1;1,1,9
3,6,1,1,1,01111-11111,40,0;0;1-1;0;1-2;0;1-3;0;1-4;0;1-1;1;1-2;1;1-3;1;1-4;1;1,1,5
3,6,1,1,1,01111-11111,40,0;0;1-1;0;1-2;0;1-3;0;1-4;0;1-1;1;1-2;1;1-3;1;1-4;1;1,1,6
3,6,1,1,1,01111-11111,40,0;0;1-1;0;1-2;0;1-3;0;1-4;0;1-1;1;1-2;1;1-3;1;1-4;1;1,1,7
3,6,1,1,1,01111-11111,40,0;0;1-1;0;1-2;0;1-3;0;1-4;0;1-1;1;1-2;1;1-3;1;1-4;1;1,1,8
3,6,1,1,1,01111-11111,40,0;0;1-1;0;1-2;0;1-3;0;1-4;0;1-1;1;1-2;1;1-3;1;1-4;1;1,1,9
3,7,1,1,1,11110-11111,40,0;0;1-1;0;1-2;0;1-3;0;1-4;0;1-0;1;1-1;1;1-2;1;1-3;1;1,1,5
3,7,1,1,1,11110-11111,40,0;0;1-1;0;1-2;0;1-3;0;1-4;0;2-0;1;1-1;1;1-2;1;1-3;1;1,1,6
3,7,1,1,1,11110-11111,40,0;0;1-1;0;1-2;0;1-3;0;1-4;0;1-0;1;1-1;1;1-2;1;1-3;1;1,1,7
3,7,1,1,1,11110-11111,40,0;0;1-1;0;1-2;0;1-3;0;1-4;0;1-0;1;1-1;1;1-2;1;1-3;1;1,1,8
3,7,1,1,1,11110-11111,40,0;0;1-1;0;1-2;0;1-3;0;1-4;0;1-0;1;1-1;1;1-2;1;1-3;1;1,1,9
3,8,1,1,1,11111-01111,40,1;0;1-2;0;1-3;0;1-4;0;1-0;1;2-1;1;1-2;1;1-3;1;1-4;1;1,1,5
3,8,1,1,1,11111-01111,40,1;0;1-2;0;1-3;0;1-4;0;1-0;1;1-1;1;1-2;1;1-3;1;1-4;1;1,1,6
3,8,1,1,1,11111-01111,40,1;0;1-2;0;1-3;0;1-4;0;1-0;1;2-1;1;1-2;1;1-3;1;1-4;1;1,1,7
3,8,1,1,1,11111-01111,40,1;0;1-2;0;1-3;0;1-4;0;1-0;1;2-1;1;1-2;1;1-3;1;1-4;1;1,1,8
3,8,1,1,1,11111-01111,40,1;0;1-2;0;1-3;0;1-4;0;1-0;1;2-1;1;1-2;1;1-3;1;1-4;1;1,1,9
3,9,1,1,1,11111-11110,40,0;0;1-1;0;1-2;0;1-3;0;1-0;1;1-1;1;1-2;1;1-3;1;1-4;1;2,1,5
3,9,1,1,1,11111-11110,40,0;0;1-1;0;1-2;0;1-3;0;1-0;1;1-1;1;1-2;1;1-3;1;1-4;1;2,1,6
3,9,1,1,1,11111-11110,40,0;0;1-1;0;1-2;0;1-3;0;1-0;1;1-1;1;1-2;1;1-3;1;1-4;1;2,1,7
3,9,1,1,1,11111-11110,40,0;0;1-1;0;1-2;0;1-3;0;1-0;1;1-1;1;1-2;1;1-3;1;1-4;1;1,1,8
3,9,1,1,1,11111-11110,40,0;0;1-1;0;1-2;0;1-3;0;1-0;1;1-1;1;1-2;1;1-3;1;1-4;1;2,1,9
3,10,1,2,0,1111111-1010101,40,0;0;2-2;0;2-4;0;2-6;0;2-0;1;2-1;1;2-2;1;2-3;1;2-4;1;2-5;1;2-6;1;2,2,5
3,10,1,2,0,1111111-1010101,40,0;0;2-2;0;2-4;0;2-6;0;2-0;1;2-1;1;2-2;1;2-3;1;2-4;1;2-5;1;2-6;1;2,2,6
3,10,1,2,0,1111111-1010101,40,0;0;2-2;0;2-4;0;2-6;0;2-0;1;2-1;1;2-2;1;2-3;1;2-4;1;2-5;1;2-6;1;2,2,7
3,10,1,2,0,1111111-1010101,40,0;0;2-2;0;2-4;0;2-6;0;2-0;1;2-1;1;2-2;1;2-3;1;2-4;1;2-5;1;2-6;1;2,2,8
3,10,1,2,0,1111111-1010101,40,0;0;2-2;0;2-4;0;2-6;0;2-0;1;2-1;1;2-2;1;2-3;1;2-4;1;2-5;1;2-6;1;2,2,9
3,11,1,2,1,1111111-0010101,40,2;0;2-4;0;2-6;0;2-0;1;2-1;1;2-2;1;2-3;1;2-4;1;2-5;1;2-6;1;2,2,5
3,11,1,2,1,1111111-0010101,40,2;0;2-4;0;2-6;0;2-0;1;2-1;1;2-2;1;2-3;1;2-4;1;2-5;1;2-6;1;2,2,6
3,11,1,2,1,1111111-0010101,40,2;0;2-4;0;2-6;0;2-0;1;2-1;1;2-2;1;2-3;1;2-4;1;2-5;1;2-6;1;2,2,7
3,11,1,2,1,1111111-0010101,40,2;0;2-4;0;2-6;0;2-0;1;2-1;1;2-2;1;2-3;1;2-4;1;2-5;1;2-6;1;2,2,8
3,11,1,2,1,1111111-0010101,40,2;0;2-4;0;2-6;0;2-0;1;2-1;1;2-2;1;2-3;1;2-4;1;2-5;1;2-6;1;2,2,9
3,12,1,2,1,1111111-1010100,40,0;0;2-2;0;2-4;0;2-0;1;2-1;1;2-2;1;2-3;1;2-4;1;2-5;1;2-6;1;2,2,5
3,12,1,2,1,1111111-1010100,40,0;0;2-2;0;2-4;0;2-0;1;2-1;1;2-2;1;2-3;1;2-4;1;2-5;1;2-6;1;2,2,6
3,12,1,2,1,1111111-1010100,40,0;0;2-2;0;2-4;0;2-0;1;2-1;1;2-2;1;2-3;1;2-4;1;2-5;1;2-6;1;2,2,7
3,12,1,2,1,1111111-1010100,40,0;0;2-2;0;2-4;0;2-0;1;2-1;1;2-2;1;2-3;1;2-4;1;2-5;1;2-6;1;2,2,8
3,12,1,2,1,1111111-1010100,40,0;0;2-2;0;2-4;0;2-0;1;2-1;1;2-2;1;2-3;1;2-4;1;2-5;1;2-6;1;2,2,9
3,13,1,2,1,1111111-1000101,40,0;0;2-4;0;2-6;0;2-0;1;2-1;1;2-2;1;2-3;1;2-4;1;2-5;1;2-6;1;2,2,5
3,13,1,2,1,1111111-1000101,40,0;0;2-4;0;2-6;0;2-0;1;2-1;1;2-2;1;2-3;1;2-4;1;2-5;1;2-6;1;2,2,6
3,13,1,2,1,1111111-1000101,40,0;0;2-4;0;2-6;0;2-0;1;2-1;1;2-2;1;2-3;1;2-4;1;2-5;1;2-6;1;2,2,7
3,13,1,2,1,1111111-1000101,40,0;0;2-4;0;2-6;0;2-0;1;2-1;1;2-2;1;2-3;1;2-4;1;2-5;1;2-6;1;2,2,8
3,13,1,2,1,1111111-1000101,40,0;0;2-4;0;2-6;0;2-0;1;2-1;1;2-2;1;2-3;1;2-4;1;2-5;1;2-6;1;2,2,9
3,14,1,2,1,1111111-1010001,40,0;0;2-2;0;2-6;0;2-0;1;2-1;1;2-2;1;2-3;1;2-4;1;2-5;1;2-6;1;2,2,5
3,14,1,2,1,1111111-1010001,40,0;0;2-2;0;2-6;0;2-0;1;2-1;1;2-2;1;2-3;1;2-4;1;2-5;1;2-6;1;2,2,6
3,14,1,2,1,1111111-1010001,40,0;0;2-2;0;2-6;0;2-0;1;2-1;1;2-2;1;2-3;1;2-4;1;2-5;1;2-6;1;2,2,7
3,14,1,2,1,1111111-1010001,40,0;0;2-2;0;2-6;0;2-0;1;2-1;1;2-2;1;2-3;1;2-4;1;2-5;1;2-6;1;2,2,8
3,14,1,2,1,1111111-1010001,40,0;0;2-2;0;2-6;0;2-0;1;2-1;1;2-2;1;2-3;1;2-4;1;2-5;1;2-6;1;2,2,9
4,0,2,0,0,1111-1111-1001,40,0;0;2-3;0;2-0;1;2-1;1;1-2;1;1-3;1;0-0;2;4-1;2;1-2;2;1-3;2;4,1,5
4,0,2,0,0,1111-1111-1001,40,0;0;0-3;0;0-0;1;0-1;1;0-2;1;0-3;1;0-0;2;0-1;2;0-2;2;0-3;2;0,0,6
4,0,2,0,0,1111-1111-1001,40,0;0;0-3;0;0-0;1;0-1;1;0-2;1;0-3;1;0-0;2;0-1;2;0-2;2;0-3;2;0,0,7
4,0,2,0,0,1111-1111-1001,40,0;0;0-3;0;0-0;1;0-1;1;0-2;1;0-3;1;0-0;2;0-1;2;0-2;2;0-3;2;0,0,8
4,0,2,0,0,1111-1111-1001,40,0;0;0-3;0;0-0;1;0-1;1;0-2;1;0-3;1;0-0;2;0-1;2;0-2;2;0-3;2;0,0,9
4,1,2,0,1,0111-1111-1001,40,0;0;2-3;0;0-0;1;2-1;1;1-2;1;1-3;1;0-1;2;1-2;2;1-3;2;4,1,5
4,1,2,0,1,0111-1111-1001,40,0;0;5-3;0;0-0;1;5-1;1;0-2;1;0-3;1;0-1;2;8-2;2;0-3;2;0,0,6
4,1,2,0,1,0111-1111-1001,40,0;0;5-3;0;0-0;1;5-1;1;0-2;1;0-3;1;0-1;2;3-2;2;0-3;2;0,0,7
4,1,2,0,1,0111-1111-1001,40,0;0;5-3;0;0-0;1;5-1;1;1-2;1;0-3;1;0-1;2;1-2;2;0-3;2;0,0,8
4,1,2,0,1,0111-1111-1001,40,0;0;5-3;0;0-0;1;5-1;1;0-2;1;0-3;1;0-1;2;0-2;2;0-3;2;0,0,9
4,2,2,0,1,1110-1111-1001,40,0;0;2-3;0;2-0;1;2-1;1;1-2;1;4-3;1;2-0;2;4-1;2;1-2;2;1,2,5
4,2,2,0,1,1110-1111-1001,40,0;0;0-3;0;5-0;1;0-1;1;0-2;1;0-3;1;5-0;2;0-1;2;0-2;2;0,0,6
4,2,2,0,1,1110-1111-1001,40,0;0;0-3;0;3-0;1;0-1;1;0-2;1;0-3;1;3-0;2;0-1;2;0-2;2;0,0,7
4,2,2,0,1,1110-1111-1001,40,0;0;0-3;0;5-0;1;0-1;1;0-2;1;0-3;1;5-0;2;0-1;2;0-2;2;0,0,8
4,2,2,0,1,1110-1111-1001,40,0;0;0-3;0;5-0;1;0-1;1;0-2;1;0-3;1;5-0;2;0-1;2;0-2;2;0,0,9
4,3,2,0,1,1111-1111-0001,40,3;0;0-0;1;1-1;1;1-2;1;1-3;1;0-0;2;1-1;2;1-2;2;1-3;2;4,1,5
4,3,2,0,1,1111-1111-0001,40,3;0;0-0;1;1-1;1;1-2;1;0-3;1;0-0;2;1-1;2;1-2;2;0-3;2;0,0,6
4,3,2,0,1,1111-1111-0001,40,3;0;0-0;1;1-1;1;1-2;1;0-3;1;0-0;2;1-1;2;1-2;2;0-3;2;0,0,7
4,3,2,0,1,1111-1111-0001,40,3;0;0-0;1;1-1;1;1-2;1;0-3;1;0-0;2;1-1;2;1-2;2;0-3;2;0,0,8
4,3,2,0,1,1111-1111-0001,40,3;0;0-0;1;1-1;1;0-2;1;0-3;1;0-0;2;1-1;2;0-2;2;0-3;2;0,0,9
4,4,2,0,1,1111-1111-1000,40,0;0;2-0;1;2-1;1;1-2;1;4-3;1;1-0;2;4-1;2;1-2;2;1-3;2;1,1,5
4,4,2,0,1,1111-1111-1000,40,0;0;0-0;1;0-1;1;0-2;1;1-3;1;1-0;2;0-1;2;0-2;2;1-3;2;1,0,6
4,4,2,0,1,1111-1111-1000,40,0;0;0-0;1;0-1;1;1-2;1;1-3;1;1-0;2;0-1;2;1-2;2;1-3;2;1,1,7
4,4,2,0,1,1111-1111-1000,40,0;0;0-0;1;0-1;1;0-2;1;1-3;1;1-0;2;0-1;2;0-2;2;1-3;2;1,0,8
4,4,2,0,1,1111-1111-1000,40,0;0;0-0;1;0-1;1;0-2;1;1-3;1;1-0;2;0-1;2;0-2;2;1-3;2;1,0,9
4,5,2,1,0,11111-11111,40,0;0;1-1;0;1-2;0;1-3;0;1-4;0;1-0;1;1-1;1;1-2;1;1-3;1;1-4;1;1,1,5
4,5,2,1,0,11111-11111,40,0;0;1-1;0;1-2;0;1-3;0;1-4;0;1-0;1;1-1;1;1-2;1;1-3;1;1-4;1;1,1,6
4,5,2,1,0,11111-11111,40,0;0;1-1;0;1-2;0;1-3;0;1-4;0;1-0;1;1-1;1;1-2;1;1-3;1;1-4;1;1,1,7
4,5,2,1,0,11111-11111,40,0;0;1-1;0;1-2;0;1-3;0;1-4;0;1-0;1;1-1;1;1-2;1;1-3;1;1-4;1;1,1,8
4,5,2,1,0,11111-11111,40,0;0;1-1;0;1-2;0;1-3;0;1-4;0;1-0;1;1-1;1;1-2;1;1-3;1;1-4;1;1,1,9
4,6,2,1,1,01111-11111,40,0;0;4-1;0;4-2;0;1-3;0;1-4;0;1-1;1;1-2;1;1-3;1;1-4;1;1,1,5
4,6,2,1,1,01111-11111,40,0;0;4-1;0;1-2;0;1-3;0;1-4;0;1-1;1;1-2;1;1-3;1;1-4;1;1,1,6
4,6,2,1,1,01111-11111,40,0;0;4-1;0;1-2;0;1-3;0;1-4;0;1-1;1;1-2;1;1-3;1;1-4;1;1,1,7
4,6,2,1,1,01111-11111,40,0;0;1-1;0;1-2;0;1-3;0;1-4;0;1-1;1;1-2;1;1-3;1;1-4;1;1,1,8
4,6,2,1,1,01111-11111,40,0;0;4-1;0;1-2;0;1-3;0;1-4;0;1-1;1;1-2;1;1-3;1;1-4;1;1,1,9
4,7,2,1,1,11110-11111,40,0;0;1-1;0;1-2;0;1-3;0;1-4;0;4-0;1;1-1;1;1-2;1;1-3;1;1,1,5
4,7,2,1,1,11110-11111,40,0;0;1-1;0;1-2;0;1-3;0;1-4;0;4-0;1;1-1;1;1-2;1;1-3;1;1,1,6
4,7,2,1,1,11110-11111,40,0;0;1-1;0;1-2;0;1-3;0;1-4;0;4-0;1;1-1;1;1-2;1;1-3;1;1,1,7
4,7,2,1,1,11110-11111,40,0;0;1-1;0;1-2;0;1-3;0;1-4;0;4-0;1;1-1;1;1-2;1;1-3;1;1,1,8
4,7,2,1,1,11110-11111,40,0;0;1-1;0;1-2;0;1-3;0;1-4;0;4-0;1;1-1;1;1-2;1;1-3;1;1,1,9
4,8,2,1,1,11111-01111,40,1;0;1-2;0;1-3;0;1-4;0;1-0;1;4-1;1;1-2;1;1-3;1;1-4;1;1,1,5
4,8,2,1,1,11111-01111,40,1;0;1-2;0;1-3;0;1-4;0;1-0;1;1-1;1;1-2;1;1-3;1;1-4;1;1,1,6
4,8,2,1,1,11111-01111,40,1;0;1-2;0;1-3;0;1-4;0;1-0;1;4-1;1;1-2;1;1-3;1;1-4;1;1,1,7
4,8,2,1,1,11111-01111,40,1;0;1-2;0;1-3;0;1-4;0;1-0;1;5-1;1;1-2;1;1-3;1;1-4;1;1,1,8
4,8,2,1,1,11111-01111,40,1;0;1-2;0;1-3;0;1-4;0;1-0;1;4-1;1;1-2;1;1-3;1;1-4;1;1,1,9
4,9,2,1,1,11111-11110,40,0;0;1-1;0;1-2;0;1-3;0;2-0;1;1-1;1;1-2;1;1-3;1;1-4;1;4,1,5
4,9,2,1,1,11111-11110,40,0;0;1-1;0;1-2;0;1-3;0;1-0;1;1-1;1;1-2;1;1-3;1;1-4;1;4,1,6
4,9,2,1,1,11111-11110,40,0;0;1-1;0;1-2;0;1-3;0;1-0;1;1-1;1;1-2;1;1-3;1;1-4;1;4,1,7
4,9,2,1,1,11111-11110,40,0;0;1-1;0;1-2;0;1-3;0;1-0;1;1-1;1;1-2;1;1-3;1;1-4;1;5,1,8
4,9,2,1,1,11111-11110,40,0;0;1-1;0;1-2;0;1-3;0;1-0;1;1-1;1;1-2;1;1-3;1;1-4;1;1,1,9
4,10,2,2,0,1111111-1010101,40,0;0;2-2;0;2-4;0;2-6;0;2-0;1;2-1;1;2-2;1;2-3;1;2-4;1;2-5;1;2-6;1;2,2,5
4,10,2,2,0,1111111-1010101,40,0;0;2-2;0;2-4;0;2-6;0;2-0;1;2-1;1;2-2;1;2-3;1;2-4;1;2-5;1;2-6;1;2,2,6
4,10,2,2,0,1111111-1010101,40,0;0;2-2;0;2-4;0;2-6;0;2-0;1;2-1;1;2-2;1;2-3;1;2-4;1;2-5;1;2-6;1;2,2,7
4,10,2,2,0,1111111-1010101,40,0;0;2-2;0;2-4;0;2-6;0;2-0;1;2-1;1;2-2;1;2-3;1;2-4;1;2-5;1;2-6;1;2,2,8
4,10,2,2,0,1111111-1010101,40,0;0;2-2;0;2-4;0;2-6;0;2-0;1;2-1;1;2-2;1;2-3;1;2-4;1;2-5;1;2-6;1;2,2,9
4,11,2,2,1,1111111-0010101,40,2;0;2-4;0;2-6;0;2-0;1;4-1;1;4-2;1;2-3;1;2-4;1;2-5;1;2-6;1;2,2,5
4,11,2,2,1,1111111-0010101,40,2;0;2-4;0;2-6;0;2-0;1;2-1;1;2-2;1;2-3;1;2-4;1;2-5;1;2-6;1;2,2,6
4,11,2,2,1,1111111-0010101,40,2;0;2-4;0;2-6;0;2-0;1;4-1;1;2-2;1;2-3;1;2-4;1;2-5;1;2-6;1;2,2,7
4,11,2,2,1,1111111-0010101,40,2;0;5-4;0;2-6;0;2-0;1;3-1;1;3-2;1;3-3;1;2-4;1;2-5;1;2-6;1;2,2,8
4,11,2,2,1,1111111-0010101,40,2;0;2-4;0;2-6;0;2-0;1;4-1;1;4-2;1;2-3;1;2-4;1;2-5;1;2-6;1;2,2,9
4,12,2,2,1,1111111-1010100,40,0;0;2-2;0;2-4;0;2-0;1;2-1;1;2-2;1;2-3;1;4-4;1;4-5;1;4-6;1;4,2,5
4,12,2,2,1,1111111-1010100,40,0;0;2-2;0;2-4;0;2-0;1;2-1;1;2-2;1;2-3;1;2-4;1;2-5;1;2-6;1;4,2,6
4,12,2,2,1,1111111-1010100,40,0;0;2-2;0;2-4;0;2-0;1;2-1;1;2-2;1;2-3;1;2-4;1;2-5;1;4-6;1;4,2,7
4,12,2,2,1,1111111-1010100,40,0;0;2-2;0;2-4;0;2-0;1;2-1;1;2-2;1;2-3;1;2-4;1;2-5;1;2-6;1;2,2,8
4,12,2,2,1,1111111-1010100,40,0;0;2-2;0;2-4;0;2-0;1;2-1;1;2-2;1;2-3;1;2-4;1;2-5;1;4-6;1;4,2,9
4,13,2,2,1,1111111-1000101,40,0;0;3-4;0;2-6;0;2-0;1;4-1;1;4-2;1;4-3;1;4-4;1;2-5;1;2-6;1;2,2,5
4,13,2,2,1,1111111-1000101,40,0;0;3-4;0;5-6;0;5-0;1;3-1;1;3-2;1;3-3;1;3-4;1;3-5;1;5-6;1;5,3,6
4,13,2,2,1,1111111-1000101,40,0;0;3-4;0;3-6;0;3-0;1;3-1;1;4-2;1;4-3;1;3-4;1;3-5;1;3-6;1;3,3,7
4,13,2,2,1,1111111-1000101,40,0;0;3-4;0;2-6;0;5-0;1;3-1;1;3-2;1;3-3;1;3-4;1;2-5;1;2-6;1;5,3,8
4,13,2,2,1,1111111-1000101,40,0;0;3-4;0;3-6;0;5-0;1;3-1;1;4-2;1;4-3;1;4-4;1;3-5;1;2-6;1;5,3,9
4,14,2,2,1,1111111-1010001,40,0;0;2-2;0;3-6;0;2-0;1;2-1;1;2-2;1;4-3;1;4-4;1;4-5;1;4-6;1;4,4,5
4,14,2,2,1,1111111-1010001,40,0;0;5-2;0;3-6;0;3-0;1;5-1;1;5-2;1;3-3;1;3-4;1;3-5;1;3-6;1;3,3,6
4,14,2,2,1,1111111-1010001,40,0;0;5-2;0;3-6;0;3-0;1;5-1;1;5-2;1;3-3;1;3-4;1;3-5;1;3-6;1;3,3,7
4,14,2,2,1,1111111-1010001,40,0;0;2-2;0;2-6;0;3-0;1;2-1;1;2-2;1;2-3;1;3-4;1;3-5;1;3-6;1;3,2,8
4,14,2,2,1,1111111-1010001,40,0;0;5-2;0;3-6;0;3-0;1;5-1;1;5-2;1;3-3;1;3-4;1;3-5;1;3-6;1;3,3,9
4,15,2,3,0,1111-1001,40,0;0;3-3;0;2-0;1;4-1;1;4-2;1;4-3;1;4,4,5
4,15,2,3,0,1111-1001,40,0;0;3-3;0;3-0;1;3-1;1;3-2;1;3-3;1;3,3,6
4,15,2,3,0,1111-1001,40,0;0;3-3;0;3-0;1;3-1;1;3-2;1;3-3;1;3,3,7
4,15,2,3,0,1111-1001,40,0;0;3-3;0;3-0;1;3-1;1;3-2;1;3-3;1;3,3,8
4,15,2,3,0,1111-1001,40,0;0;3-3;0;3-0;1;3-1;1;3-2;1;3-3;1;3,3,9
4,16,2,3,1,1111-0001,40,3;0;2-0;1;4-1;1;4-2;1;4-3;1;4,4,5
4,16,2,3,1,1111-0001,40,3;0;2-0;1;4-1;1;4-2;1;2-3;1;5,2,6
4,16,2,3,1,1111-0001,40,3;0;3-0;1;4-1;1;4-2;1;3-3;1;3,3,7
4,16,2,3,1,1111-0001,40,3;0;3-0;1;4-1;1;3-2;1;3-3;1;3,3,8
4,16,2,3,1,1111-0001,40,3;0;3-0;1;3-1;1;3-2;1;3-3;1;3,3,9
4,17,2,3,1,1111-1000,40,0;0;3-0;1;4-1;1;4-2;1;4-3;1;4,4,5
4,17,2,3,1,1111-1000,40,0;0;3-0;1;3-1;1;3-2;1;4-3;1;4,3,6
4,17,2,3,1,1111-1000,40,0;0;3-0;1;3-1;1;4-2;1;4-3;1;4,4,7
4,17,2,3,1,1111-1000,40,0;0;3-0;1;3-1;1;3-2;1;4-3;1;4,3,8
4,17,2,3,1,1111-1000,40,0;0;3-0;1;3-1;1;4-2;1;4-3;1;4,4,9
4,18,2,4,0,1111,40,0;0;4-1;0;4-2;0;4-3;0;4,4,5
4,18,2,4,0,1111,40,0;0;4-1;0;4-2;0;4-3;0;4,4,6
4,18,2,4,0,1111,40,0;0;4-1;0;4-2;0;4-3;0;4,4,7
4,18,2,4,0,1111,40,0;0;4-1;0;4-2;0;4-3;0;4,4,8
4,18,2,4,0,1111,40,0;0;4-1;0;4-2;0;4-3;0;4,4,9
4,19,2,4,1,111,40,0;0;4-1;0;4-2;0;4,4,5
4,19,2,4,1,111,40,0;0;4-1;0;4-2;0;4,4,6
4,19,2,4,1,111,40,0;0;4-1;0;4-2;0;4,4,7
4,19,2,4,1,111,40,0;0;4-1;0;4-2;0;4,4,8
4,19,2,4,1,111,40,0;0;4-1;0;4-2;0;4,4,9
4,20,2,5,0,11111-10101,40,0;0;2-2;0;2-4;0;2-0;1;2-1;1;2-2;1;2-3;1;2-4;1;2,2,5
4,20,2,5,0,11111-10101,40,0;0;5-2;0;5-4;0;5-0;1;5-1;1;5-2;1;5-3;1;5-4;1;5,5,6
4,20,2,5,0,11111-10101,40,0;0;5-2;0;5-4;0;5-0;1;5-1;1;5-2;1;5-3;1;5-4;1;5,5,7
4,20,2,5,0,11111-10101,40,0;0;5-2;0;5-4;0;5-0;1;5-1;1;5-2;1;5-3;1;5-4;1;5,5,8
4,20,2,5,0,11111-10101,40,0;0;5-2;0;5-4;0;5-0;1;5-1;1;5-2;1;5-3;1;5-4;1;5,5,9
4,21,2,5,1,11111-00101,40,2;0;2-4;0;2-0;1;4-1;1;4-2;1;2-3;1;2-4;1;2,2,5
4,21,2,5,1,11111-00101,40,2;0;3-4;0;5-0;1;4-1;1;3-2;1;3-3;1;5-4;1;5,3,6
4,21,2,5,1,11111-00101,40,2;0;3-4;0;3-0;1;4-1;1;3-2;1;3-3;1;3-4;1;3,3,7
4,21,2,5,1,11111-00101,40,2;0;3-4;0;5-0;1;3-1;1;3-2;1;3-3;1;5-4;1;5,3,8
4,21,2,5,1,11111-00101,40,2;0;2-4;0;5-0;1;4-1;1;3-2;1;3-3;1;5-4;1;5,5,9
4,22,2,5,1,11111-10001,40,0;0;3-4;0;2-0;1;4-1;1;4-2;1;4-3;1;4-4;1;4,4,5
4,22,2,5,1,11111-10001,40,0;0;3-4;0;3-0;1;3-1;1;3-2;1;3-3;1;3-4;1;3,3,6
4,22,2,5,1,11111-10001,40,0;0;3-4;0;3-0;1;3-1;1;3-2;1;3-3;1;3-4;1;3,3,7
4,22,2,5,1,11111-10001,40,0;0;3-4;0;3-0;1;3-1;1;3-2;1;3-3;1;3-4;1;3,3,8
4,22,2,5,1,11111-10001,40,0;0;3-4;0;3-0;1;3-1;1;3-2;1;3-3;1;3-4;1;3,3,9
4,23,2,5,1,11111-10100,40,0;0;2-2;0;3-0;1;2-1;1;2-2;1;4-3;1;4-4;1;4,2,5
4,23,2,5,1,11111-10100,40,0;0;5-2;0;3-0;1;5-1;1;5-2;1;3-3;1;3-4;1;3,3,6
4,23,2,5,1,11111-10100,40,0;0;5-2;0;3-0;1;5-1;1;5-2;1;3-3;1;3-4;1;4,3,7
4,23,2,5,1,11111-10100,40,0;0;2-2;0;5-0;1;2-1;1;5-2;1;3-3;1;3-4;1;3,3,8
4,23,2,5,1,11111-10100,40,0;0;5-2;0;3-0;1;5-1;1;5-2;1;3-3;1;4-4;1;4,5,9
4,24,2,6,0,111111-111111-110011-110011,40,0;0;6-1;0;6-4;0;6-5;0;6-0;1;6-1;1;6-4;1;6-5;1;6-0;2;6-1;2;6-2;2;6-3;2;6-4;2;6-5;2;6-0;3;6-1;3;6-2;3;6-3;3;6-4;3;6-5;3;6,6,5
4,24,2,6,0,111111-111111-110011-110011,40,0;0;6-1;0;6-4;0;6-5;0;6-0;1;6-1;1;6-4;1;6-5;1;6-0;2;6-1;2;6-2;2;6-3;2;6-4;2;6-5;2;6-0;3;6-1;3;6-2;3;6-3;3;6-4;3;6-5;3;6,6,6
4,24,2,6,0,111111-111111-110011-110011,40,0;0;6-1;0;6-4;0;6-5;0;6-0;1;6-1;1;6-4;1;6-5;1;6-0;2;6-1;2;6-2;2;6-3;2;6-4;2;6-5;2;6-0;3;6-1;3;6-2;3;6-3;3;6-4;3;6-5;3;6,6,7
4,24,2,6,0,111111-111111-110011-110011,40,0;0;6-1;0;6-4;0;6-5;0;6-0;1;6-1;1;6-4;1;6-5;1;6-0;2;6-1;2;6-2;2;6-3;2;6-4;2;6-5;2;6-0;3;6-1;3;6-2;3;6-3;3;6-4;3;6-5;3;6,6,8
4,24,2,6,0,111111-111111-110011-110011,40,0;0;6-1;0;6-4;0;6-5;0;6-0;1;6-1;1;6-4;1;6-5;1;6-0;2;6-1;2;6-2;2;6-3;2;6-4;2;6-5;2;6-0;3;6-1;3;6-2;3;6-3;3;6-4;3;6-5;3;6,6,9
4,25,2,6,1,011111-111111-110011-110011,40,0;0;6-1;0;6-4;0;6-5;0;6-0;1;6-1;1;6-4;1;6-5;1;6-0;2;6-1;2;6-2;2;6-3;2;6-4;2;6-5;2;6-1;3;6-2;3;6-3;3;6-4;3;6-5;3;6,6,5
4,25,2,6,1,011111-111111-110011-110011,40,0;0;6-1;0;6-4;0;6-5;0;6-0;1;6-1;1;6-4;1;6-5;1;6-0;2;6-1;2;6-2;2;6-3;2;6-4;2;6-5;2;6-1;3;6-2;3;6-3;3;6-4;3;6-5;3;6,6,6
4,25,2,6,1,011111-111111-110011-110011,40,0;0;6-1;0;6-4;0;6-5;0;6-0;1;6-1;1;6-4;1;6-5;1;6-0;2;6-1;2;6-2;2;6-3;2;6-4;2;6-5;2;6-1;3;6-2;3;6-3;3;6-4;3;6-5;3;6,6,7
4,25,2,6,1,011111-111111-110011-110011,40,0;0;6-1;0;6-4;0;6-5;0;6-0;1;6-1;1;6-4;1;6-5;1;6-0;2;6-1;2;6-2;2;6-3;2;6-4;2;6-5;2;6-1;3;6-2;3;6-3;3;6-4;3;6-5;3;6,6,8
4,25,2,6,1,011111-111111-110011-110011,40,0;0;6-1;0;6-4;0;6-5;0;6-0;1;6-1;1;6-4;1;6-5;1;6-0;2;6-1;2;6-2;2;6-3;2;6-4;2;6-5;2;6-1;3;6-2;3;6-3;3;6-4;3;6-5;3;6,6,9
4,26,2,6,1,111110-111111-110011-110011,40,0;0;6-1;0;6-4;0;6-5;0;6-0;1;6-1;1;6-4;1;6-5;1;6-0;2;6-1;2;6-2;2;6-3;2;6-4;2;6-5;2;6-0;3;6-1;3;6-2;3;6-3;3;6-4;3;6,6,5
4,26,2,6,1,111110-111111-110011-110011,40,0;0;6-1;0;6-4;0;6-5;0;6-0;1;6-1;1;6-4;1;6-5;1;6-0;2;6-1;2;6-2;2;6-3;2;6-4;2;6-5;2;6-0;3;6-1;3;6-2;3;6-3;3;6-4;3;6,6,6
4,26,2,6,1,111110-111111-110011-110011,40,0;0;6-1;0;6-4;0;6-5;0;6-0;1;6-1;1;6-4;1;6-5;1;6-0;2;6-1;2;6-2;2;6-3;2;6-4;2;6-5;2;6-0;3;6-1;3;6-2;3;6-3;3;6-4;3;6,6,7
4,26,2,6,1,111110-111111-110011-110011,40,0;0;6-1;0;6-4;0;6-5;0;6-0;1;6-1;1;6-4;1;6-5;1;6-0;2;6-1;2;6-2;2;6-3;2;6-4;2;6-5;2;6-0;3;6-1;3;6-2;3;6-3;3;6-4;3;6,6,8
4,26,2,6,1,111110-111111-110011-110011,40,0;0;6-1;0;6-4;0;6-5;0;6-0;1;6-1;1;6-4;1;6-5;1;6-0;2;6-1;2;6-2;2;6-3;2;6-4;2;6-5;2;6-0;3;6-1;3;6-2;3;6-3;3;6-4;3;6,6,9
4,27,2,6,1,111111-111111-110011-100011,40,0;0;6-4;0;6-5;0;6-0;1;6-1;1;6-4;1;6-5;1;6-0;2;0-1;2;6-2;2;6-3;2;6-4;2;6-5;2;6-0;3;6-1;3;6-2;3;6-3;3;6-4;3;6-5;3;6,6,5
4,27,2,6,1,111111-111111-110011-100011,40,0;0;8-4;0;6-5;0;6-0;1;8-1;1;6-4;1;6-5;1;6-0;2;8-1;2;6-2;2;6-3;2;6-4;2;6-5;2;6-0;3;6-1;3;6-2;3;6-3;3;6-4;3;6-5;3;6,6,6
4,27,2,6,1,111111-111111-110011-100011,40,0;0;8-4;0;6-5;0;6-0;1;0-1;1;0-4;1;6-5;1;6-0;2;0-1;2;0-2;2;6-3;2;6-4;2;6-5;2;6-0;3;0-1;3;6-2;3;6-3;3;6-4;3;6-5;3;6,6,7
4,27,2,6,1,111111-111111-110011-100011,40,0;0;8-4;0;6-5;0;6-0;1;6-1;1;6-4;1;6-5;1;6-0;2;6-1;2;6-2;2;6-3;2;6-4;2;6-5;2;6-0;3;6-1;3;6-2;3;6-3;3;6-4;3;6-5;3;6,6,8
4,27,2,6,1,111111-111111-110011-100011,40,0;0;0-4;0;6-5;0;6-0;1;0-1;1;6-4;1;6-5;1;6-0;2;6-1;2;6-2;2;6-3;2;6-4;2;6-5;2;6-0;3;6-1;3;6-2;3;6-3;3;6-4;3;6-5;3;6,6,9
4,28,2,6,1,111111-111111-110011-110001,40,0;0;6-1;0;6-5;0;6-0;1;6-1;1;6-4;1;6-5;1;7-0;2;6-1;2;6-2;2;6-3;2;6-4;2;6-5;2;6-0;3;6-1;3;6-2;3;6-3;3;6-4;3;6-5;3;6,6,5
4,28,2,6,1,111111-111111-110011-110001,40,0;0;6-1;0;6-5;0;8-0;1;6-1;1;6-4;1;6-5;1;0-0;2;6-1;2;6-2;2;6-3;2;6-4;2;6-5;2;0-0;3;6-1;3;6-2;3;6-3;3;6-4;3;6-5;3;6,6,6
4,28,2,6,1,111111-111111-110011-110001,40,0;0;6-1;0;6-5;0;8-0;1;6-1;1;6-4;1;0-5;1;8-0;2;6-1;2;6-2;2;6-3;2;6-4;2;0-5;2;0-0;3;6-1;3;6-2;3;6-3;3;6-4;3;0-5;3;0,6,7
4,28,2,6,1,111111-111111-110011-110001,40,0;0;6-1;0;6-5;0;8-0;1;6-1;1;6-4;1;8-5;1;8-0;2;6-1;2;6-2;2;6-3;2;6-4;2;6-5;2;8-0;3;6-1;3;6-2;3;6-3;3;6-4;3;6-5;3;6,6,8
4,28,2,6,1,111111-111111-110011-110001,40,0;0;6-1;0;6-5;0;0-0;1;6-1;1;6-4;1;6-5;1;6-0;2;6-1;2;6-2;2;6-3;2;6-4;2;6-5;2;6-0;3;6-1;3;6-2;3;6-3;3;6-4;3;6-5;3;6,6,9
4,29,2,7,0,11111111-11111111-11111111,40,0;0;1-1;0;1-2;0;1-3;0;1-4;0;1-5;0;1-6;0;7-7;0;7-0;1;1-1;1;1-2;1;1-3;1;1-4;1;1-5;1;1-6;1;1-7;1;7-0;2;1-1;2;1-2;2;1-3;2;1-4;2;1-5;2;1-6;2;1-7;2;1,1,5
4,29,2,7,0,11111111-11111111-11111111,40,0;0;7-1;0;7-2;0;7-3;0;7-4;0;7-5;0;7-6;0;7-7;0;7-0;1;7-1;1;7-2;1;7-3;1;7-4;1;7-5;1;7-6;1;7-7;1;7-0;2;7-1;2;7-2;2;7-3;2;7-4;2;7-5;2;7-6;2;7-7;2;7,7,6
4,29,2,7,0,11111111-11111111-11111111,40,0;0;7-1;0;7-2;0;7-3;0;7-4;0;7-5;0;7-6;0;7-7;0;7-0;1;7-1;1;7-2;1;7-3;1;7-4;1;7-5;1;7-6;1;7-7;1;7-0;2;7-1;2;7-2;2;7-3;2;7-4;2;7-5;2;7-6;2;7-7;2;7,7,7
4,29,2,7,0,11111111-11111111-11111111,40,0;0;7-1;0;7-2;0;7-3;0;7-4;0;7-5;0;7-6;0;7-7;0;7-0;1;7-1;1;7-2;1;7-3;1;7-4;1;7-5;1;7-6;1;7-7;1;7-0;2;7-1;2;7-2;2;7-3;2;7-4;2;7-5;2;7-6;2;7-7;2;7,7,8
4,29,2,7,0,11111111-11111111-11111111,40,0;0;7-1;0;7-2;0;7-3;0;7-4;0;7-5;0;7-6;0;7-7;0;7-0;1;7-1;1;7-2;1;7-3;1;7-4;1;7-5;1;7-6;1;7-7;1;7-0;2;7-1;2;7-2;2;7-3;2;7-4;2;7-5;2;7-6;2;7-7;2;7,7,9
4,30,2,7,1,01111111-11111111-11111111,40,0;0;1-1;0;1-2;0;1-3;0;1-4;0;1-5;0;1-6;0;7-7;0;7-0;1;1-1;1;1-2;1;1-3;1;1-4;1;1-5;1;1-6;1;1-7;1;7-1;2;1-2;2;1-3;2;1-4;2;1-5;2;1-6;2;1-7;2;1,1,5
4,30,2,7,1,01111111-11111111-11111111,40,0;0;7-1;0;7-2;0;7-3;0;7-4;0;7-5;0;7-6;0;7-7;0;7-0;1;7-1;1;7-2;1;7-3;1;7-4;1;7-5;1;7-6;1;7-7;1;7-1;2;7-2;2;7-3;2;7-4;2;7-5;2;7-6;2;7-7;2;7,7,6
4,30,2,7,1,01111111-11111111-11111111,40,0;0;1-1;0;7-2;0;7-3;0;7-4;0;7-5;0;7-6;0;7-7;0;7-0;1;1-1;1;7-2;1;7-3;1;7-4;1;7-5;1;7-6;1;7-7;1;7-1;2;7-2;2;7-3;2;7-4;2;7-5;2;7-6;2;7-7;2;7,7,7
4,30,2,7,1,01111111-11111111-11111111,40,0;0;7-1;0;7-2;0;7-3;0;7-4;0;7-5;0;7-6;0;7-7;0;7-0;1;7-1;1;7-2;1;7-3;1;7-4;1;7-5;1;7-6;1;7-7;1;7-1;2;7-2;2;7-3;2;7-4;2;7-5;2;7-6;2;7-7;2;7,7,8
4,30,2,7,1,01111111-11111111-11111111,40,0;0;7-1;0;7-2;0;7-3;0;7-4;0;7-5;0;7-6;0;7-7;0;7-0;1;7-1;1;7-2;1;7-3;1;7-4;1;7-5;1;7-6;1;7-7;1;7-1;2;7-2;2;7-3;2;7-4;2;7-5;2;7-6;2;7-7;2;7,7,9
4,31,2,7,1,11111110-11111111-11111111,40,0;0;1-1;0;1-2;0;1-3;0;1-4;0;1-5;0;1-6;0;1-7;0;7-0;1;1-1;1;1-2;1;1-3;1;1-4;1;1-5;1;1-6;1;1-7;1;1-0;2;1-1;2;1-2;2;1-3;2;1-4;2;1-5;2;1-6;2;1,1,5
4,31,2,7,1,11111110-11111111-11111111,40,0;0;7-1;0;7-2;0;7-3;0;7-4;0;7-5;0;7-6;0;7-7;0;7-0;1;7-1;1;7-2;1;7-3;1;7-4;1;7-5;1;7-6;1;7-7;1;8-0;2;7-1;2;7-2;2;7-3;2;7-4;2;7-5;2;7-6;2;7,7,6
4,31,2,7,1,11111110-11111111-11111111,40,0;0;7-1;0;7-2;0;7-3;0;7-4;0;7-5;0;7-6;0;7-7;0;1-0;1;7-1;1;7-2;1;7-3;1;7-4;1;7-5;1;7-6;1;7-7;1;1-0;2;7-1;2;7-2;2;7-3;2;7-4;2;7-5;2;7-6;2;7,7,7
4,31,2,7,1,11111110-11111111-11111111,40,0;0;7-1;0;7-2;0;7-3;0;7-4;0;7-5;0;7-6;0;7-7;0;7-0;1;7-1;1;7-2;1;7-3;1;7-4;1;7-5;1;7-6;1;7-7;1;7-0;2;7-1;2;7-2;2;7-3;2;7-4;2;7-5;2;7-6;2;7,7,8
4,31,2,7,1,11111110-11111111-11111111,40,0;0;7-1;0;7-2;0;7-3;0;7-4;0;7-5;0;7-6;0;7-7;0;7-0;1;7-1;1;7-2;1;7-3;1;7-4;1;7-5;1;7-6;1;7-7;1;7-0;2;7-1;2;7-2;2;7-3;2;7-4;2;7-5;2;7-6;2;7,7,9
4,32,2,7,1,11111111-11111111-01111111,40,1;0;1-2;0;1-3;0;1-4;0;1-5;0;1-6;0;7-7;0;7-0;1;1-1;1;1-2;1;1-3;1;1-4;1;1-5;1;1-6;1;1-7;1;7-0;2;1-1;2;1-2;2;1-3;2;1-4;2;1-5;2;1-6;2;1-7;2;1,1,5
4,32,2,7,1,11111111-11111111-01111111,40,1;0;7-2;0;7-3;0;7-4;0;7-5;0;7-6;0;7-7;0;7-0;1;7-1;1;7-2;1;7-3;1;7-4;1;7-5;1;7-6;1;7-7;1;7-0;2;7-1;2;7-2;2;7-3;2;7-4;2;7-5;2;7-6;2;7-7;2;7,7,6
4,32,2,7,1,11111111-11111111-01111111,40,1;0;7-2;0;7-3;0;7-4;0;7-5;0;7-6;0;7-7;0;7-0;1;1-1;1;7-2;1;7-3;1;7-4;1;7-5;1;7-6;1;7-7;1;7-0;2;1-1;2;7-2;2;7-3;2;7-4;2;7-5;2;7-6;2;7-7;2;7,7,7
4,32,2,7,1,11111111-11111111-01111111,40,1;0;7-2;0;7-3;0;7-4;0;7-5;0;7-6;0;7-7;0;7-0;1;7-1;1;7-2;1;7-3;1;7-4;1;7-5;1;7-6;1;7-7;1;7-0;2;7-1;2;7-2;2;7-3;2;7-4;2;7-5;2;7-6;2;7-7;2;7,7,8
4,32,2,7,1,11111111-11111111-01111111,40,1;0;7-2;0;7-3;0;7-4;0;7-5;0;7-6;0;7-7;0;7-0;1;7-1;1;7-2;1;7-3;1;7-4;1;7-5;1;7-6;1;7-7;1;7-0;2;7-1;2;7-2;2;7-3;2;7-4;2;7-5;2;7-6;2;7-7;2;7,7,9
4,33,2,7,1,11111111-11111111-11111110,40,0;0;1-1;0;1-2;0;1-3;0;1-4;0;1-5;0;7-6;0;2-0;1;1-1;1;1-2;1;1-3;1;1-4;1;1-5;1;1-6;1;1-7;1;2-0;2;1-1;2;1-2;2;1-3;2;1-4;2;1-5;2;1-6;2;1-7;2;2,1,5
4,33,2,7,1,11111111-11111111-11111110,40,0;0;7-1;0;7-2;0;7-3;0;7-4;0;7-5;0;7-6;0;7-0;1;7-1;1;7-2;1;7-3;1;7-4;1;7-5;1;7-6;1;7-7;1;7-0;2;7-1;2;7-2;2;7-3;2;7-4;2;7-5;2;7-6;2;7-7;2;8,7,6
4,33,2,7,1,11111111-11111111-11111110,40,0;0;7-1;0;7-2;0;7-3;0;7-4;0;7-5;0;7-6;0;7-0;1;7-1;1;7-2;1;7-3;1;7-4;1;7-5;1;7-6;1;7-7;1;1-0;2;7-1;2;7-2;2;7-3;2;7-4;2;7-5;2;7-6;2;7-7;2;1,7,7
4,33,2,7,1,11111111-11111111-11111110,40,0;0;7-1;0;7-2;0;7-3;0;7-4;0;7-5;0;7-6;0;7-0;1;7-1;1;7-2;1;7-3;1;7-4;1;7-5;1;7-6;1;7-7;1;0-0;2;7-1;2;7-2;2;7-3;2;7-4;2;7-5;2;7-6;2;7-7;2;1,7,8
4,33,2,7,1,11111111-11111111-11111110,40,0;0;7-1;0;7-2;0;7-3;0;7-4;0;7-5;0;7-6;0;7-0;1;7-1;1;7-2;1;7-3;1;7-4;1;7-5;1;7-6;1;7-7;1;7-0;2;7-1;2;7-2;2;7-3;2;7-4;2;7-5;2;7-6;2;7-7;2;7,7,9
4,34,2,8,0,111111111-111111111-101010101,40,0;0;2-2;0;2-4;0;2-6;0;8-8;0;8-0;1;3-1;1;2-2;1;6-3;1;6-4;1;6-5;1;7-6;1;6-7;1;7-8;1;0-0;2;4-1;2;4-2;2;4-3;2;4-4;2;4-5;2;1-6;2;2-7;2;1-8;2;2,2,5
4,34,2,8,0,111111111-111111111-101010101,40,0;0;8-2;0;8-4;0;8-6;0;8-8;0;8-0;1;8-1;1;8-2;1;8-3;1;8-4;1;8-5;1;8-6;1;8-7;1;8-8;1;8-0;2;8-1;2;8-2;2;8-3;2;8-4;2;8-5;2;8-6;2;8-7;2;8-8;2;8,8,6
4,34,2,8,0,111111111-111111111-101010101,40,0;0;8-2;0;8-4;0;8-6;0;8-8;0;8-0;1;8-1;1;8-2;1;8-3;1;8-4;1;8-5;1;8-6;1;8-7;1;8-8;1;8-0;2;8-1;2;8-2;2;8-3;2;8-4;2;8-5;2;8-6;2;8-7;2;8-8;2;8,8,7
4,34,2,8,0,111111111-111111111-101010101,40,0;0;8-2;0;8-4;0;8-6;0;8-8;0;8-0;1;8-1;1;8-2;1;8-3;1;8-4;1;8-5;1;8-6;1;8-7;1;8-8;1;8-0;2;8-1;2;8-2;2;8-3;2;8-4;2;8-5;2;8-6;2;8-7;2;8-8;2;8,8,8
4,34,2,8,0,111111111-111111111-101010101,40,0;0;8-2;0;8-4;0;8-6;0;8-8;0;8-0;1;8-1;1;8-2;1;8-3;1;8-4;1;8-5;1;8-6;1;8-7;1;8-8;1;8-0;2;8-1;2;8-2;2;8-3;2;8-4;2;8-5;2;8-6;2;8-7;2;8-8;2;8,8,9
4,35,2,8,1,111111111-111111111-001010101,40,2;0;2-4;0;2-6;0;8-8;0;8-0;1;1-1;1;2-2;1;3-3;1;2-4;1;6-5;1;7-6;1;6-7;1;7-8;1;0-0;2;1-1;2;1-2;2;4-3;2;4-4;2;4-5;2;1-6;2;2-7;2;1-8;2;2,2,5
4,35,2,8,1,111111111-111111111-001010101,40,2;0;8-4;0;8-6;0;8-8;0;8-0;1;1-1;1;8-2;1;8-3;1;8-4;1;8-5;1;8-6;1;8-7;1;8-8;1;8-0;2;8-1;2;8-2;2;8-3;2;8-4;2;8-5;2;8-6;2;8-7;2;8-8;2;8,8,6
4,35,2,8,1,111111111-111111111-001010101,40,2;0;8-4;0;8-6;0;8-8;0;8-0;1;1-1;1;0-2;1;8-3;1;8-4;1;8-5;1;8-6;1;8-7;1;8-8;1;8-0;2;1-1;2;0-2;2;8-3;2;8-4;2;8-5;2;8-6;2;8-7;2;8-8;2;8,8,7
4,35,2,8,1,111111111-111111111-001010101,40,2;0;8-4;0;8-6;0;8-8;0;8-0;1;1-1;1;0-2;1;8-3;1;8-4;1;8-5;1;8-6;1;8-7;1;8-8;1;8-0;2;1-1;2;0-2;2;0-3;2;8-4;2;8-5;2;8-6;2;8-7;2;8-8;2;8,8,8
4,35,2,8,1,111111111-111111111-001010101,40,2;0;8-4;0;8-6;0;8-8;0;8-0;1;0-1;1;8-2;1;8-3;1;8-4;1;8-5;1;8-6;1;8-7;1;8-8;1;8-0;2;0-1;2;8-2;2;8-3;2;8-4;2;8-5;2;8-6;2;8-7;2;8-8;2;8,8,9
4,36,2,8,1,111111111-111111111-100010101,40,0;0;2-4;0;2-6;0;2-8;0;8-0;1;2-1;1;1-2;1;4-3;1;2-4;1;0-5;1;6-6;1;6-7;1;7-8;1;6-0;2;4-1;2;1-2;2;1-3;2;1-4;2;4-5;2;4-6;2;4-7;2;1-8;2;2,2,5
4,36,2,8,1,111111111-111111111-100010101,40,0;0;0-4;0;8-6;0;8-8;0;8-0;1;0-1;1;0-2;1;0-3;1;8-4;1;8-5;1;8-6;1;8-7;1;8-8;1;8-0;2;0-1;2;0-2;2;2-3;2;8-4;2;8-5;2;8-6;2;8-7;2;8-8;2;8,8,6
4,36,2,8,1,111111111-111111111-100010101,40,0;0;0-4;0;8-6;0;8-8;0;8-0;1;0-1;1;0-2;1;1-3;1;0-4;1;8-5;1;8-6;1;8-7;1;8-8;1;8-0;2;0-1;2;0-2;2;1-3;2;0-4;2;8-5;2;8-6;2;8-7;2;8-8;2;8,8,7
4,36,2,8,1,111111111-111111111-100010101,40,0;0;0-4;0;8-6;0;8-8;0;8-0;1;0-1;1;0-2;1;0-3;1;0-4;1;8-5;1;8-6;1;8-7;1;8-8;1;8-0;2;0-1;2;0-2;2;1-3;2;0-4;2;8-5;2;8-6;2;8-7;2;8-8;2;8,8,8
4,36,2,8,1,111111111-111111111-100010101,40,0;0;0-4;0;8-6;0;8-8;0;8-0;1;0-1;1;0-2;1;0-3;1;0-4;1;0-5;1;8-6;1;8-7;1;8-8;1;8-0;2;0-1;2;0-2;2;0-3;2;0-4;2;8-5;2;8-6;2;8-7;2;8-8;2;8,8,9
4,37,2,8,1,111111111-111111111-101000101,40,0;0;2-2;0;2-6;0;2-8;0;2-0;1;3-1;1;2-2;1;6-3;1;1-4;1;1-5;1;2-6;1;0-7;1;2-8;1;6-0;2;4-1;2;4-2;2;4-3;2;1-4;2;1-5;2;1-6;2;4-7;2;4-8;2;2,2,5
4,37,2,8,1,111111111-111111111-101000101,40,0;0;8-2;0;8-6;0;8-8;0;8-0;1;8-1;1;8-2;1;8-3;1;8-4;1;2-5;1;2-6;1;8-7;1;8-8;1;8-0;2;8-1;2;8-2;2;8-3;2;8-4;2;0-5;2;8-6;2;8-7;2;8-8;2;8,8,6
4,37,2,8,1,111111111-111111111-101000101,40,0;0;8-2;0;8-6;0;8-8;0;8-0;1;8-1;1;8-2;1;8-3;1;1-4;1;1-5;1;0-6;1;8-7;1;8-8;1;8-0;2;8-1;2;8-2;2;8-3;2;1-4;2;1-5;2;0-6;2;8-7;2;8-8;2;8,8,7
4,37,2,8,1,111111111-111111111-101000101,40,0;0;8-2;0;8-6;0;8-8;0;8-0;1;8-1;1;8-2;1;8-3;1;0-4;1;0-5;1;0-6;1;8-7;1;8-8;1;8-0;2;8-1;2;8-2;2;8-3;2;0-4;2;1-5;2;0-6;2;0-7;2;8-8;2;8,8,8
4,37,2,8,1,111111111-111111111-101000101,40,0;0;8-2;0;0-6;0;0-8;0;8-0;1;8-1;1;8-2;1;0-3;1;0-4;1;0-5;1;0-6;1;0-7;1;8-8;1;8-0;2;8-1;2;8-2;2;0-3;2;0-4;2;0-5;2;0-6;2;8-7;2;8-8;2;8,8,9
4,38,2,8,1,111111111-111111111-101010100,40,0;0;2-2;0;2-4;0;2-6;0;8-0;1;3-1;1;2-2;1;6-3;1;6-4;1;6-5;1;7-6;1;6-7;1;7-8;1;2-0;2;4-1;2;4-2;2;4-3;2;4-4;2;4-5;2;4-6;2;4-7;2;1-8;2;1,4,5
4,38,2,8,1,111111111-111111111-101010100,40,0;0;8-2;0;8-4;0;8-6;0;8-0;1;8-1;1;8-2;1;8-3;1;8-4;1;8-5;1;8-6;1;8-7;1;0-8;1;1-0;2;8-1;2;8-2;2;8-3;2;8-4;2;8-5;2;8-6;2;8-7;2;0-8;2;1,8,6
4,38,2,8,1,111111111-111111111-101010100,40,0;0;8-2;0;8-4;0;8-6;0;8-0;1;8-1;1;8-2;1;8-3;1;8-4;1;8-5;1;8-6;1;8-7;1;1-8;1;1-0;2;8-1;2;8-2;2;8-3;2;8-4;2;8-5;2;8-6;2;8-7;2;1-8;2;1,8,7
4,38,2,8,1,111111111-111111111-101010100,40,0;0;8-2;0;8-4;0;8-6;0;8-0;1;8-1;1;8-2;1;8-3;1;8-4;1;8-5;1;8-6;1;8-7;1;0-8;1;1-0;2;8-1;2;8-2;2;8-3;2;8-4;2;8-5;2;8-6;2;8-7;2;0-8;2;1,8,8
4,38,2,8,1,111111111-111111111-101010100,40,0;0;8-2;0;8-4;0;8-6;0;0-0;1;8-1;1;8-2;1;8-3;1;8-4;1;8-5;1;8-6;1;0-7;1;0-8;1;1-0;2;8-1;2;8-2;2;8-3;2;8-4;2;8-5;2;8-6;2;8-7;2;0-8;2;0,8,9
